id,name,keyword
1,宏亞食品巧克力觀光工廠,"桃園,宏亞,巧克力,觀光工廠"
2,台灣金屬創意館,"台南,志鋼,金屬,觀光工廠"
3,臺灣菸酒(股)公司林口觀光酒廠,"林口,菸酒,酒廠,觀光工廠"
4,ㄚ發哥果園,null
5,九芎坪果園,null
6,二湖鳳梨館,null
7,三富休閒農場,null
8,大山元農場,null
9,大山背休閒農場,null
10,大坪頂百香果園,null
11,大礁溪農場,null
12,小崇ㄉ果園,null
13,山頂壯圓,null
14,不一樣鱷魚生態休閒農場,null
15,公道農園,null
16,天使花園休閒農場,null
17,心禾園,null
18,月季優質農場,null
19,水里生態休閒農場,null
20,水岸森林休閒農場,null
21,水寨一方農場,null
22,仙湖休閒農場,null
23,台一生態休閒農場,null
24,禾果多農企工坊\r\n（花壇農場）,null
25,后羿農場,null
26,好麻吉農場,null
27,安康美之農無毒農園,null
28,曲禾酒莊,null
29,自然主義農園,null
30,沐光農場,null
31,初鹿椰子林,null
32,宜富金棗果園,null
33,幸福紅龍果,null
34,東風有機休閒農場,null
35,東新觀光果園,null
36,花果有機農場,null
37,花現小路果園,null
38,金湖岸楊梅大王,null
39,長立果園,null
40,阿宗果園,null
41,阿東的蓮霧園,null
42,柿子哥果園,null
43,炳智果園,null
44,張媽媽休閒農場,null
45,情人谷生態農場,null
46,梅嶺福來梅園,null
47,荳媽媽休閒果園,null
48,莓洋洋草莓園,null
49,莓樂地金榜農園,null
50,都蘭山花田農園,null
51,雪霸休閒農場,null
52,富田香草休閒農場,null
53,富興社區發展協會,null
54,棗到了-梅嶺棗園休閒採果區,null
55,棗健康有機農場,null
56,發8家有機農場,null
57,童話村有機渡假農場,null
58,菁芩休閒農場,null
59,雲也居一休閒農場,null
60,傳奇教育休閒農場,null
61,新科紅龍果園,null
62,新峰農場,null
63,義芳農場,null
64,達莉農莊,null
65,彰化二林開心火龍果,null
66,蒝氣屋溫室農場,null
67,蓁蓁園,null
68,蜜旺果舖,null
69,蜻蜓谷休閒農場,null
70,摩天嶺甜柿部落,null
71,擁葉生態農場,null
72,橘二代,null
73,興瑞文旦,null
74,親親果農場,null
75,錦普觀光果園,null
76,龍湖山生態農莊,null
77,優恩蜜溫室蔬果觀光果園,null
78,彌勒有機果園,null
79,豐碩果園,null
80,鵝山有機體驗農場,null
81,藤結教育農場,null
82,麗野莊園休閒農場,null
83,水璉、牛山海岸,null
84,石梯坪,null
85,長虹橋,null
86,金樽,null
87,加路蘭,null
88,都蘭,null
89,帆船鼻大草原,null
90,哈巴狗與睡美人岩,null
91,綠島人權文化園區,null
92,牛頭山、樓門岩,null
93,樟原,null
94,富山漁業資源保育區,null
95,柴口,null
96,美山驛站,null
97,花蓮遊客中心,null
98,秀姑巒溪遊客中心,null
99,八仙洞遊客中心,null
100,三仙台遊客中心,null
101,小野柳遊客中心,null
102,都歷遊客中心,null
103,奚卜蘭遊客中心(新太平洋一號店),null
104,月光小棧,null
105,比西里岸幾米園區,null
106,金剛大道,null
107,鹽寮,null
108,成功海洋環境教室,null
109,成功海濱公園,null
110,目斗嶼,嶼
111,吉貝嶼,嶼
112,姑婆嶼,嶼
113,險礁嶼,"嶼, 追星"
114,眷村文化園區,眷村
115,觀音亭親水遊憩區,"觀音亭, 遊憩"
116,中央街,追星
117,菜園休閒漁業區,null
118,風櫃洞,風櫃洞
119,嵵裡沙灘,"沙灘, 追星"
120,山水沙灘,"沙灘, 追星"
121,菓葉觀日樓,觀日樓
122,北寮遊憩區,null
123,東衛石雕公園,null
124,中屯風力園區,"中屯, 追星"
125,通梁古榕,古榕
126,澎湖跨海大橋,跨海大橋
127,小門嶼,嶼
128,小門地質館,null
129,二崁傳統聚落保存區,追星
130,內垵遊憩區,null
131,西嶼西臺,null
132,漁翁島燈塔,漁翁島燈塔
133,桶盤地質公園,"桶盤嶼, 柱狀玄武岩"
134,虎井嶼遊憩區,null
135,網垵口沙灘,沙灘
136,望安綠蠵龜觀光保育中心,"綠蠵龜, 無障礙"
137,花宅聚落(中社村),"聚落, 花宅, 中社"
138,雙心石滬,"七美, 雙心石滬"
139,大獅風景區,null
140,南嶼城,南嶼
141,小台灣,null
142,?鯉灣遊憩區,null
143,望夫石,null
144,澎湖生活博物館,null
145,青螺溼地,null
146,西嶼東臺軍事史蹟園區,null
147,蛇頭山,null
148,鳥嶼,嶼
149,將軍澳嶼,"嶼, 綠蠵龜"
150,龍埕,null
151,萬軍井,null
152,施公祠,null
153,順承門,null
154,鎖港南北石塔,null
155,大菓葉柱狀玄武岩,"大菓葉, 柱狀玄武岩"
156,澎湖機場旅遊服務中心,null
157,澎湖遊客中心,null
158,南海遊客中心,null
159,岐頭遊客中心,null
160,北海遊客中心,null
161,後寮遊客中心,null
162,吉貝遊客中心,null
163,七美遊客中心,null
164,西嶼西臺遊客中心,null
165,虎井嶼北回歸線追日大道,"南海遊憩系統, 南海, 虎井, 追日, 夏至235, 夏至, 裝置藝術"
166,澎湖廳憲兵隊,"憲兵, 歷史建築"
167,馬公金龜頭礮臺,"古蹟, 砲臺, 歷史建築"
168,第一賓館,"古蹟, 歷史建築"
169,重光里˙漳水神石碑,石敢當
170,重光里˙凌霄寶塔,石敢當
171,西衛里˙塔尖,石敢當
172,案山里˙平安寶塔,石敢當
173,安宅里˙嶼仔尖塔,石敢當
174,鎖港里˙南北石塔,石敢當
175,嵵裡里˙石敢當,石敢當
176,風櫃里˙石敢當,石敢當
177,小門村˙大彎石塔,石敢當
178,小門村˙中營石塔,石敢當
179,小門村˙鐵鑠石塔,石敢當
180,內垵村˙塔公塔婆,石敢當
181,外垵村˙三仙塔,石敢當
182,外垵村˙石敢當,石敢當
183,講美村˙石敢當,石敢當
184,赤崁村˙三面石敢當,石敢當
185,後寮村˙石敢當,石敢當
186,通梁˙碼頭符檯,石敢當
187,隘門村˙石敢當,石敢當
188,龍門村˙石塔,石敢當
189,南寮村˙石敢當,石敢當
190,白坑村˙石塔,石敢當
191,白坑村˙石敢當,石敢當
192,青螺村˙陽明妙塔,石敢當
193,紅羅村˙石敢當,石敢當
194,沙港村˙花後塔,石敢當
195,沙港村˙大尾尖頂塔,石敢當
196,沙港村˙石敢當,石敢當
197,鯨魚洞,追星
198,臺華輪碼頭,追星
199,馬公港 漁人碼頭,null
200,牛心山,null
201,鯉魚潭露營區(綠野鄉渡假村),null
202,新光兆豐休閒農場,null
203,鳳凰山莊(賽斯村),null
204,菸樓文化聚落,null
205,箭瑛公園,null
206,馬太鞍休閒農業區,null
207,富源保安宮,null
208,瑞穗青蓮寺,null
209,花東縱谷國家風景區管理處,null
210,瑞穗泛舟服務中心,null
211,瑞穗、紅葉溫泉區,null
212,馬立雲部落,null
213,北回歸線標誌公園,null
214,安通溫泉區,null
215,羅山遊憩區暨遊客中心,null
216,油菜花海,null
217,池上飯包文化故事館,null
218,池上牧野渡假村,null
219,卑南溪泛舟,null
220,鹿野崑慈堂,null
221,鹿野觀光茶園,null
222,脫線休閒牧場,null
223,布農部落休閒農場,null
224,玩樂大鵬灣,null
225,環灣自行車道,環灣自行車道
226,海神樂園佳樂水,海神樂園佳樂水
227,大鵬灣遊客中心,大鵬灣遊客中心
228,大鵬灣國際休閒特區,大鵬灣國際休閒特區
229,東隆宮,東隆宮
230,東港魚市場,東港魚市場
231,東港漁港漁產品直銷中心(原華僑市場),東港漁港漁產品直銷中心(原華僑市場)
232,鵬灣跨海大橋,鵬灣跨海大橋
233,濱灣公園(帆船基地),濱灣公園(帆船基地)
234,紅樹林濕地生態公園,紅樹林濕地生態公園
235,人工溼地公園,人工溼地公園
236,潟湖,潟湖
237,蚵殼島,蚵殼島
238,大潭濕地,大潭濕地
239,右岸濕地,右岸濕地
240,左岸溼地,左岸溼地
241,崎峰濕地,崎峰濕地
242,東港海鮮街,東港海鮮街
243,烏鬼洞,烏鬼洞
244,蛤板灣沙灘,蛤板灣沙灘
245,白燈塔,白燈塔
246,美人洞,美人洞
247,山豬溝,山豬溝
248,厚石裙礁,厚石裙礁
249,碧雲寺,碧雲寺
250,三隆宮,三隆宮
251,大寮(大福)漁港,大寮(大福)漁港
252,中澳沙灘,中澳沙灘
253,琉球管理站暨遊客中心,"小琉球,遊客中心"
254,多仔坪潮間帶,多仔坪潮間帶
255,保力農場,保力農場
256,四重溪溫泉區,四重溪溫泉區
257,恆春古城門,恆春古城門
258,七孔瀑布,七孔瀑布
259,港口吊橋,港口吊橋
260,九棚大沙漠,九棚大沙漠
261,滿州賞鷹,滿州賞鷹
262,鵝鑾鼻,鵝鑾鼻
263,龍坑自然生態保護區,龍坑
264,白砂灣,白砂灣
265,瓊麻工業歷史展示區,瓊麻工業歷史展示區
266,小灣,小灣
267,落日灣,null
268,映霞橋亭,null
269,馬祖國家風景區管理處&遊客中心,"馬祖國家風景區管理處,遊客中心"
270,八八坑道,八八坑道
271,東引遊客中心,東引遊客中心
272,北海坑道(南竿),北海坑道(南竿)
273,牛角聚落,牛角聚落
274,枕戈待旦紀念公園,枕戈待旦紀念公園
275,民俗文物館,民俗文物館
276,津沙聚落,津沙聚落
277,大漢據點,大漢據點
278,馬祖天后宮,馬祖天后宮
279,蔬菜公園,蔬菜公園
280,鐵板天后宮,鐵板天后宮
281,印地安人頭岩,印地安人頭岩
282,四維村,四維村
283,津仁與馬港步道,津仁與馬港步道
284,福清自行車道,福清自行車道
285,雲台山軍情館,雲台山軍情館
286,烈女義坑,烈女義坑
287,燕秀潮音,燕秀潮音
288,一線天,一線天
289,太白天聲,太白天聲
290,忠誠門,忠誠門
291,中柱島,中柱島
292,感恩亭,感恩亭
293,國之北疆,國之北疆
294,后澳,后澳
295,海現龍闕,海現龍闕
296,東海雄風,東海雄風
297,莒光遊客中心,莒光遊客中心
298,大浦聚落,大浦聚落
299,林頭嶼,林頭嶼
300,神祕小海灣,神祕小海灣
301,蛇島,蛇島
302,樂道澳,樂道澳
303,大埔石刻,大埔石刻
304,福正聚落,福正聚落
305,永留嶼,永留嶼
306,北竿遊客中心,北竿遊客中心
307,戰爭和平紀念公園,戰爭和平紀念公園
308,螺山自然步道,螺山自然步道
309,橋仔聚落,橋仔聚落
310,碧園,碧園
311,后澳村,后澳村
312,龜島,龜島
313,壁山,壁山
314,三連嶼,三連嶼
315,大坵,大坵
316,白沙港,白沙港
317,坂里沙灘,坂里沙灘
318,戰爭和平紀念公園主題館(12據點),戰爭和平紀念公園主題館(12據點)
319,猫囒山茶業改良場,"紅茶, 日出"
320,猫囒山步道,"步道, 紅茶, 日出"
321,雙龍瀑布,"櫻花, 梅花, 瀑布"
322,獵人之家,"布農族, 百步蛇"
323,澀水窯,"窯, 陶器, IY"
324,龍鳳宮,"廟宇, 月老"
325,頭社盆地,"邵族, 泥炭土, 洗衣池, 自行車, 單車"
326,親手窯,"窯, 藝術, 陶器"
327,潭南國小,"地震, 布農族, 學校"
328,潭南村天主教堂,教堂
329,銃櫃天寶堂,廟宇
330,敲敲木工房,"IY, 音樂盒, 木器"
331,慈恩塔,"潭景, 歷史, 拉魯島, 玄光寺, 玄奘寺"
332,集集綠色隧道,單車
333,添興窯陶藝文化園區,"窯, 綠色隧道, 蛇窯, 陶器, 教育"
334,梅荷園,"步道, 紅茶, 咖啡, 歷史, 花火"
335,啟示玄機院,"孔明, 廟宇"
336,草湳溼地,螢火蟲
337,紙教堂,"教堂, 地震, 蝴蝶, 建築"
338,紙匠工房,造紙
339,桃米派出所,單車
340,茅埔坑濕地公園,"植物, 生態, 公園, 蜻蜓, 鳥"
341,耶穌堂,"教堂, 耶穌堂, 日月潭, 婚紗攝影"
342,青龍山步道,步道
343,蝴蝶園,"蝴蝶, 教育, 生態"
344,金鋼基地,金鋼
345,泥炭土活盆地,"頭社盆地, 教育, 生態, 環境, 植物, 動物, 昆蟲, 螢火蟲, 蜻蜓, 泥炭土, 體驗"
346,武昌宮,"廟宇, 地震, 玄天上帝"
347,松柏崙步道,"步道, 生態, 邵族, 植物"
348,明潭電廠,"發電, 水力發電"
349,明潭水庫,"發電, 水力發電"
350,拉魯島,"邵族, 光華島"
351,車埕木業展示館,"火車站, 發電, 木業, 蔗糖, 樟腦, 木材, 導覽"
352,車埕遊客中心,"車埕, 木業, IY, 火車站"
353,宏基蜜蜂生態農場,"IY, 蜜蜂"
354,竹炭一村,竹炭
355,好茭情/吟詩綠曲茭白筍休閒體驗園區,"IY, 茭白筍, 農村"
356,人乘寺地藏院,"地藏王菩薩, 檜木, 廟宇"
357,地利村天主教堂,"布農族, 天主教, 教堂"
358,地母廟,"廟宇, 道教"
359,向山行政暨遊客中心,"遊客中心, 多媒體影音, 藝廊, 產業館"
360,伊達邵遊客中心,"原住民, 步道, 邵族, 逐鹿市集, 伊達邵"
361,玄奘寺,"廟宇, 玄奘法師, 唐式建築"
362,玄光寺,"廟宇, 玄奘法師"
363,正德大佛,"廟宇, 佛教"
364,楓樺台一渡假村(台一生態休閒農場),"農業, 植物"
365,牛耳藝術渡假村,"藝術, 植物, 蝴蝶, 桐花, 美食, 石雕"
366,水蛙頭步道,"步道, 九蛙疊像, 植物, 蝴蝶, 發電"
367,水社大山步道,"步道, 植物, 昆蟲, 生態, 邵族, 石雕"
368,水里蛇窯,"陶藝, 窯, 藝術, IY, 蛇窯"
369,木生昆蟲博物館,"昆蟲, 教育, 蝴蝶"
370,月潭自行車道,"自行車, 單車, 頭社盆地, 青龍山"
371,日月潭纜車,"纜車, 九族文化村, 櫻花, 伊達邵"
372,文武廟,"廟宇, 孔子, 關公"
373,大雁村澀水社區,"導覽, 社區, 紅茶, 窯, 陶器, 生態, 教育"
374,大竹湖步道,"溼地, 候鳥, 雁鴨, 鷺鷥, 夜鷺, 翠鳥, 步道"
375,土亭仔步道,"步道, 貓頭鷹, 邵族"
376,三聖宮,"廟宇, 三山國王"
377,九龍口,null
378,921紀念館,"教育, 地震, 桃米, 蜻蜓"
379,見晶宮,廟宇
380,竹石園生態研習中心,"生態, 蝴蝶, IY, 步道"
381,林班道商圈,"車埕, IY"
382,泰雅渡假村,"泰雅渡假村, 國姓"
383,九龍口大平台,"九龍口, 日月潭, 自行車道"
384,國立暨南國際大學,國立暨南大學
385,茶香步道,null
386,八卦力部落,null
387,寶藏寺,null
388,環山部落,環山部落
389,武陵農場,null
390,銅鏡山林步道,null
391,靈霞洞,null
392,南庄遊客中心,null
393,松鶴部落,null
394,綠世界生態農場,null
395,峨眉湖環湖步道,null
396,荔枝王,null
397,谷關大道院,null
398,楓之谷-1956秘密花園,null
399,金剛寺,null
400,品茶養生園區,null
401,谷關風景牌樓,null
402,加里山步道,null
403,受天宮,null
404,谷關街道,null
405,古厝聚落,null
406,萬佛庵,null
407,八仙山森林遊樂區,null
408,二水自行車道,null
409,賞鷹平台,null
410,七星陣地公園,null
411,南江休閒農業區,null
412,蓬萊溪自然生態園區,null
413,覺然塔,null
414,梨山賓館,null
415,梨山賓館生態環保步道,null
416,望月亭,null
417,碧山岩,null
418,百果山登山步道群,null
419,谷關七雄,null
420,猿山步道,null
421,天池,null
422,捎來步道,null
423,梨山遊客中心,null
424,源泉車站,null
425,橫山地區,null
426,東河瓦祿,null
427,茶二指故事館,null
428,海會庵,null
429,鹿場部落,null
430,橫屏背生態賞魚步道,"步道, 南庄"
431,南庄老街,null
432,石壁染織工坊IY,null
433,歇心茶樓,null
434,水濂橋步道,null
435,勸化堂,null
436,老樟母女樹,null
437,大甲溪發電廠,null
438,獅尾登山口,null
439,福壽山農場,null
440,山塘背登山步道,null
441,谷關遊客中心,null
442,德基水庫,null
443,二水登廟步道,null
444,虎山岩,null
445,賽夏族民俗文物館,null
446,縣139線觀景道路,null
447,向天湖,null
448,水濂洞,null
449,八卦山脈生態遊客中心 - 灰面鵟鷹主題館,null
450,八堡圳公園,null
451,希利克步道siliq,null
452,梨山耶穌堂,"梨山耶穌堂, 全國最高教堂, 最高教堂, 婚攝浪漫基地"
453,天長地久橋,null
454,牛埔仔草原,null
455,象山,null
456,頂湖自然生態公園,null
457,奮起湖文史陳列室,null
458,北側奮起湖步道,null
459,四方竹,null
460,五奇之雲海,null
461,五奇之晚霞,null
462,紫雲寺,null
463,五奇之森林,null
464,五奇之鐵道,null
465,新八景之塔山奇岩,null
466,新八景之小笠原山,null
467,新八景之水山巨木,null
468,土地公廟,null
469,新八景之香林拱橋,null
470,苦楝老樹,null
471,百年砌石梯田,null
472,新八景之慈雲觀景,null
473,光華賞螢步道,null
474,新八景之神怡流瀑,null
475,新八景之阿里山神木遺跡,null
476,阿里山火車站,null
477,沼平(車站及公園周邊),null
478,貴賓館,null
479,三元宮,null
480,瑞太資訊站,null
481,竹林茶坊-孝子路步道,null
482,民番界碑,null
483,祝山,null
484,太平36彎眺景,null
485,泰興岩廟,null
486,古磨坊毛樹溪吊橋古蹟,null
487,山羊路步道,null
488,碧湖觀景台,null
489,觀音瀑布風景區,null
490,出水坑步道,null
491,圓潭自然生態園區,null
492,蝙蝠生態館,null
493,龍宮瀑布,null
494,1314觀景台,null
495,南天巨屏,null
496,綠色隧道,null
497,青年嶺步道,null
498,樟樹湖觀光果園暨茶園,null
499,櫻木花道賞櫻區,null
500,斯比斯比(鐵達尼大峭壁),null
501,天水瀑布,null
502,百合廣場,null
503,石鼓盤觀光大橋,null
504,石盤谷峭壁藝術林,null
505,豐山觀景台,null
506,土石流紀念公園,null
507,石鼓盤瀑布,null
508,蛇樹下蛋,null
509,大石鼓園,null
510,迷糊步道(米洋溪步道),null
511,日警官舍,null
512,庫巴,null
513,里佳賞楓步道,null
514,巨石板,null
515,風流洞,null
516,達娜伊谷溪自然生態公園,null
517,新美教堂,null
518,達谷布亞努步道,null
519,大石壁,null
520,屯阿巴娜生態步道,null
521,太興岩步道,null
522,雲潭步道-雲潭瀑布,null
523,花石溪步道,null
524,天雲谷步道,null
525,姊妹潭,null
526,受鎮宮,null
527,巨木群棧道,null
528,樹靈塔,null
529,慈雲寺,null
530,太平雲梯,null
531,新威遊客中心,null
532,禮納里遊客中心,null
533,三芝2號倉庫,"北海岸及觀音山國家風景區入口網, 觀光資訊網, 魅力景點, 三芝鄉, 三芝二號倉庫"
534,麟山鼻遊憩區,麟山鼻觀海步道
535,白沙灣水域遊憩區,白沙灣
536,白沙灣遊客中心,"北海岸及觀音山國家風景區入口網, 觀光資訊網, 魅力景點, 石門鄉, 北海岸及觀音山國家風景區管理處"
537,富貴角遊憩區,富貴角公園
538,青山瀑布步道,青山瀑布步道
539,老梅綠石槽,老梅石槽
540,獅頭山公園,"北海岸及觀音山國家風景區入口網, 觀光資訊網, 魅力景點, 金山鄉, 獅頭山公園"
541,慈護宮,"北海岸及觀音山國家風景區入口網, 觀光資訊網, 魅力景點, 金山鄉, 慈護宮"
542,金包里古道,"北海岸及觀音山國家風景區入口網, 觀光資訊網, 魅力景點, 金山鄉, 金包里古道"
543,金山舊機場遺址與李芑豐古宅,"北海岸及觀音山國家風景區入口網, 觀光資訊網, 魅力景點, 金山鄉, 金山舊機場遺址與李芑豐古宅"
544,觀音山6條登山步道系統,觀音山6條登山步道系統
545,楞嚴閣,愣嚴閣
546,開山院,開山院
547,北海岸遊憩探索館,"北海岸及觀音山國家風景區入口網, 觀光資訊網, 魅力景點, 石門鄉, 北海岸遊憩探索館"
548,林梢步道,"北海岸及觀音山國家風景區入口網, 觀光資訊網, 魅力景點, 觀音山 (五股鄉,八里鄉), 林梢步道"
549,大武崙砲台,"北海岸及觀音山國家風景區入口網, 觀光資訊網, 魅力景點, 基隆市, 大武崙砲台"
550,李萬居在地精神啟蒙館,null
551,東石漁人碼頭(東石漁港),null
552,朴子溪口溼地(朴子溪出海口),null
553,白水湖,null
554,布袋嘉應廟,null
555,布袋鹽場(布袋鹽山),null
556,貞愛親王殿下登陸紀念碑,null
557,魍港太聖宮,null
558,布袋漁港觀光魚市,null
559,將軍觀光漁港,null
560,觀海樓,null
561,蚵寮漁港,null
562,北門潟湖,null
563,七股鹽山,null
564,龍山宮,null
565,土城正統鹿耳門聖母廟,null
566,台灣鹽博物館,null
567,北門提溴塔,null
568,七股海產街,null
569,東隆宮王爺信仰文物館,null
570,成龍濕地,null
571,雙春濱海遊憩區,null
572,三寮灣東隆宮,null
573,錢來也雜貨店,null
574,夕遊鹽樂活村(原:台灣鹽樂活村),null
575,篤加聚落文物展覽館,null
576,北門鹽場(北門舊埕州北場鹽田),null
577,東石先天宮,null
578,朴子市刺繡文化館,null
579,嘉義海巡服務區,null
580,金湖休閒農業區,null
581,口湖遊客中心,null
582,南布袋濕地,null
583,箔子寮濱海遊憩區(箔子寮漁港),null
584,國聖港燈塔,null
585,布袋港潮間帶休閒生態館,null
586,青山漁港,null
587,洲南鹽場,null
588,新來源醬園,null
589,北門嶼基督教會,null
590,北門自行車道,null
591,外傘頂洲沙灘,null
592,好蝦冏男社,null
593,椬梧社區,null
594,井仔腳瓦盤鹽田,null
595,鄭豐喜故居,null
596,水晶教堂,null
597,好美里3海洋世界戶外美術館,null
598,三清宮,null
599,大仙寺,null
600,六重溪平埔文化園區,null
601,新化國家植物園,null
602,尖山埤水庫風景區,null
603,赤山龍湖巖,null
604,走馬瀨農場,null
605,菜寮化石陳列館,null
606,烏山登山步道,null
607,曾文水庫風景區,null
608,二寮觀日出,null
609,基隆廟口,null
610,南雅地質步道,null
611,鼻頭龍洞地質公園,null
612,龍洞灣岬步道,null
613,龍洞岩場,null
614,金沙灣海濱公園,null
615,濱海自行車道,null
616,福隆遊客中心,null
617,雙溪河,null
618,卯澳石頭古厝建築之美,null
619,三貂角燈塔,null
620,石城服務區,null
621,大里天公廟(草嶺慶雲宮),null
622,大里遊客中心,null
623,石觀音寺,null
624,桃源谷,null
625,大溪漁港,null
626,北關休閒農場,null
627,螃蟹博物館,null
628,藏酒酒莊,null
629,龜山賞鯨豚,null
630,龜山島生態旅遊,null
631,外澳服務區,null
632,烏石港,null
633,竹安溪口,null
634,頭城農場,null
635,永鎮廟,null
636,五十二甲賞鳥區,null
637,利澤沙丘海岸,null
638,無尾港水鳥保護區,null
639,碧涵軒卵羽陳列館,null
640,五峰旗風景區,null
641,跑馬古道,null
642,南天宮,null
643,內埤海灘,null
644,三剛鐵工廠文物館,null
645,南方澳遊客中心,null
646,壯圍沙丘旅遊服務園區,null
647,邱良功古厝,null
648,陳詩吟洋樓,null
649,金門朱子祠,null
650,黃偉墓,null
651,黃宣顯六路大厝,null
652,莒光樓,null
653,奎閣(魁星樓),null
654,瓊林蔡氏家廟,null
655,清金門鎮總兵署,null
656,吳秀才厝,null
657,邱良功母節孝坊,null
658,將軍第,null
659,虛江嘯臥碣群,null
660,陳禎恩榮坊,null
661,海印寺,null
662,豐蓮山牧馬侯祠,null
663,文臺寶塔,null
664,瓊林一門三節坊,null
665,石門關,null
666,睿友學校,null
667,楊華故居,null
668,金門縣林務所,null
669,貴山海灘,null
670,溪邊海水浴場,null
671,貓公石濱海休憩區,null
672,茅山塔,null
673,國姓井,null
674,北風爺、風雞,null
675,三眼井,null
676,吳稚暉紀念公園,null
677,金水國小,null
678,西園鹽場文化館,null
679,雙鯉溼地自然中心,null
680,金門高中中正堂,null
681,東林東井,null
682,南山林道,null
683,復國墩,null
684,明遺老街,null
685,石兔,null
686,劉玉章雕像,null
687,葉華成故居,null
688,玉章路牌坊,null
689,斗門古道,null
690,欽旌節牌坊,null
691,無愧亭,null
692,倒影塔,null
693,五虎山步道,null
694,擎天山莊公園,null
695,料羅海濱公園,null
696,金門媽祖公園,null
697,后湖海濱公園,null
698,東林海濱公園,null
699,環保公園低碳教育館,null
700,中正公園,null
701,金門石雕公園,null
702,鄭成功觀兵奕棋處,null
703,頑石點頭勒石群,null
704,中正紀念林,null
705,古崗樓,null
706,榕園,null
707,太武山,null
708,楓香林,null
709,榮湖,null
710,金沙水庫,null
711,蘭湖,null
712,慈湖,null
713,雙鯉湖,null
714,陵水湖,null
715,莒光湖,null
716,珠山聚落,null
717,水頭聚落,null
718,黃廷參三落大厝,null
719,毋忘在莒,null
720,瓊林民防館(瓊林地下坑道),null
721,八二三戰役勝利紀念碑,null
722,古寧頭牌樓,null
723,八達樓子,null
724,勝利門,null
725,八二三砲戰勝利紀念碑,null
726,俞大維先生紀念館,null
727,乳山故壘,null
728,北山斷崖,null
729,馬山觀測所,null
730,湖下三間樓仔,null
731,陳清吉洋樓,null
732,陳德幸洋樓,null
733,水頭57地號洋樓(僑鄉文化展示館),null
734,薛永南兄弟大樓,null
735,陳景蘭洋樓,null
736,北山古洋樓,null
737,得月樓,null
738,黃輝煌洋樓,null
739,黃卓彬洋樓,null
740,金門陶瓷廠,null
741,慈湖三角堡,null
742,雄獅堡,null
743,鐵漢堡,null
744,魯王墓園,null
745,後浦陳氏祠堂,null
746,黃天露．黃文東宅,null
747,瓊林蔡氏六世及十世宗祠,null
748,護國寺,null
749,北極殿,null
750,象山金剛寺,null
751,泰安宮,null
752,沙美萬安堂,null
753,順濟宮,null
754,烈女廟,null
755,李將軍廟(上林將軍廟),null
756,浯島城隍廟,null
757,外武廟,null
758,北鎮廟,null
759,迴向殿,null
760,代天府,null
761,古地城隍廟,null
762,寶月庵,null
763,李光前將軍廟,null
764,北嶽廟,null
765,會山寺,null
766,後浦武廟,null
767,九宮碼頭,null
768,獅山砲陣地,null
769,金城民防坑道,null
770,慰廬,null
771,金門酒廠,null
772,模範街,null
773,楊氏明馨祖祠暨楊清廉紀念館,null
774,瓊林戰鬥坑道,null
775,九宮坑道,null
776,金門縣農業試驗所,null
777,擎天廳,null
778,建功嶼,null
779,柳營營區,null
780,林厝砲陣地(金門和平紀念園區),null
781,北山播音牆,null
782,金門文化園區,null
783,金東電影院,null
784,同安渡船頭,null
785,沙美老街,null
786,瓊林聚落,null
787,後浦16藝文特區,null
788,陽翟老街,null
789,羅寶田神父紀念園區,null
790,金門植物園,null
791,燕南書院,null
792,浯江書院,null
793,尚義環保公園,null
794,金城海濱休閒公園,null
795,歐陽鐘遠洋樓,null
796,延平郡王祠,null
797,紅土溝三營區L-36據點,null
798,烈嶼鄉文化館,null
799,沙溪堡,null
800,后麟步槍模擬射擊館,null
801,麒麟山森林公園,null
802,雙口海濱公園,null
803,陽明二營區,null
804,迎賓館,null
805,金門縣畜產試驗所,null
806,L18據點,null
807,大膽島,null
808,蔡厝旅遊資訊站,null
809,自行車故事館,null
810,國立金門大學,null
811,山外車站,null
812,沙美車站,null
813,金城車站,null
814,金門航空站,null
815,蔡厝古道,null
816,山海一家,null
817,中柱港,null
818,午沙北海坑道,null
819,四維夫人村,null
820,四維村落日步道,null
821,白馬尊王廟,null
822,后澳閩東閒情,null
823,(土反)里古厝,null
824,和尚看經,null
825,坤坵步道,null
826,東洋山步道,null
827,東湧燈塔,null
828,芹壁聚落,null
829,馬祖故事館,null
830,馬祖酒廠(八八坑道),null
831,馬港天后宮,null
832,猛澳港,null
833,魚路古道,null
834,菜埔澳,null
835,雲臺山,null
836,塘后道沙灘,null
837,塘岐商圈,null
838,媽祖石神像,null
839,獅子市場,null
840,福山照壁－枕戈待旦,null
841,福正沙灘,null
842,福澳港,null
843,壁山觀景,null
844,親民步道,null
845,靜伏鱷魚,null
846,蘇澳冷泉公園,null
847,豆腐岬風景區,null
848,武荖坑風景區,null
849,南澳農場,null
850,南方澳南天宮(金媽祖、玉媽祖),null
851,南方澳進安宮(寶石珊瑚媽祖),null
852,蘇澳晉安宮(張公廟),null
853,頂寮生態公園,null
854,獅子公園,null
855,朝陽漁港,null
856,朝陽國家步道,null
857,南寧魚市場,null
858,砲台山風景區,null
859,南方澳跨港大橋,null
860,南方澳觀景台,null
861,七星嶺步道,null
862,蜡藝彩繪館,null
863,白米木屐村,null
864,宜蘭餅發明館,null
865,東方纏工藝館,null
866,後山公路文物館,null
867,討海文化館,null
868,南方澳觀景台旁步道,null
869,蘇花公路107.6K步道,null
870,珊瑚法界博物館,null
871,一米特創藝美食館,null
872,奇麗灣珍奶文化館,null
873,祝大漁物產文創館,null
874,橘之鄉蜜餞形象館,null
875,亞典蛋糕密碼館,null
876,吳沙故居,null
877,柴圍佃圳水門公園,null
878,大塭觀光休閒養殖場,null
879,金車礁溪蘭花園,null
880,宜蘭甲魚養殖場,null
881,金車生技水產養殖研發中心─鮮蝦養殖場,null
882,呂美麗精雕藝術館,null
883,二龍河,null
884,二五連水門公園,null
885,礁溪蘭花咖啡館,null
886,五峰旗瀑布,null
887,五峰旗聖母朝聖地,null
888,礁溪站前廣場,null
889,櫻花陵園,null
890,礁溪溫泉廣場,null
891,礁溪溫泉地景廣場,null
892,湯圍溝溫泉公園(湯圍風呂),null
893,礁溪德陽宮,null
894,礁溪協天廟,null
895,湯戀物產館,null
896,猴洞坑瀑布,null
897,佛光大學校園,null
898,淡江大學蘭陽校園,null
899,林美石磐步道,null
900,礁溪高爾夫球場,null
901,林美金棗文化館,null
902,玉清宮,null
903,龍潭湖風景區,null
904,幾米廣場,null
905,東門夜市,null
906,頭城老街,null
907,永鎮海濱公園,null
908,東港榕樹公園,null
909,羅東夜市,null
910,羅東運動公園,null
911,宜蘭河濱公園,null
912,天送埤車站,null
913,清水地熱公園,null
914,寒溪吊橋,null
915,石牌縣界公園,null
916,中興文化創意園區,null
917,宜蘭運動公園,null
918,宜蘭伯朗大道,null
919,冬山河親水公園,null
920,冬山河生態綠舟(冬山河森林公園),null
921,宜蘭文學館,null
922,宜蘭設治紀念館,null
923,台灣戲劇館,null
924,宜蘭美術館,null
925,宜蘭酒廠(甲子蘭酒文物館),null
926,蘭陽博物館,null
927,羅東文化工場,null
928,二結庄生活文化館,null
929,安農溪自行車道,null
930,蘭陽溪自行車道,null
931,冬山河自行車道,null
932,龜山島,null
933,雙連埤野生動物保護區,null
934,蜊埤湖,null
935,福山植物園,null
936,太平山國家森林遊樂區,null
937,明池森林遊樂區,null
938,棲蘭森林遊樂區,null
939,烏石港遊客中心,null
940,清水大閘門,null
941,外澳海灘,null
942,仁山植物園,null
943,梅花湖,null
944,新寮瀑布,null
945,東岳湧泉,null
946,望龍埤,null
947,長埤湖風景區,null
948,昭應宮,null
949,宜蘭磚窯,null
950,羅東林業文化園區,null
951,二結王公廟,null
952,道教總廟三清宮,null
953,奉尊宮,null
954,莎貝莉娜Sabelina,null
955,菌寶貝博物館,null
956,金車噶瑪蘭蘭威士忌酒廠,null
957,養蜂人家蜂采館,null
958,香草菲菲芳香植物博物館,null
959,幸福轉運站,null
960,九寮溪生態園區,null
961,清溝夜市,null
962,桃園火車站前商圈,null
963,桃園忠烈祠暨神社文化園區,null
964,景福宮,null
965,奧爾森林學堂,null
966,角板山行館,null
967,三民蝙蝠洞,null
968,基國派教堂,null
969,東眼山森林遊樂區,null
970,羅浮橋,null
971,拉拉山神木群,null
972,綠光森林,null
973,中央大學,null
974,大江國際購物中心,null
975,黑松飲料博物館,null
976,憶聲電子文物館,null
977,台塑企業文物館,null
978,桃園酒廠,null
979,可口可樂世界,null
980,南僑桃園觀光體驗工廠,null
981,台茂購物中心,null
982,竹圍漁港,null
983,義美食品生產．生態．生活廠區(觀光工廠),null
984,溪海花卉園區,null
985,白沙岬燈塔,null
986,觀音自行車道,null
987,甘泉寺,null
988,范姜老屋群,null
989,老K舒眠文化館,null
990,新屋綠色走廊,null
991,永安漁港,null
992,龍潭三水村茶園,null
993,桃園客家文化館,null
994,龍潭聖蹟亭,null
995,八德三元宮,null
996,三坑老街,null
997,小人國,null
998,石門水庫,null
999,小粗坑古道,null
1000,平鎮褒忠祠(義民廟),null
1001,大溪陵寢,null
1002,慈湖紀念雕塑公園,null
1003,慈湖遊客服務中心,null
1004,後慈湖,null
1005,大溪公會堂及蔣公行館,null
1006,大溪木藝生態博物館武德殿,null
1007,大溪中正公園,null
1008,頭寮大池賞鳥,null
1009,齋明寺古道,null
1010,御成路古道,null
1011,富田香草休閒農場(富田花園農場),null
1012,李騰芳古宅,null
1013,大溪老街,null
1014,金蘭醬油博物館,null
1015,東和音樂體驗館,null
1016,龜山第一河濱公園,null
1017,五酒桶山步道,null
1018,台灣高鐵桃園站,null
1019,林家古厝,null
1020,蓮荷園休閒農場,null
1021,九斗有機農場,null
1022,溪口台地,null
1023,蓮座山觀音寺,null
1024,光泉牛奶園地(大園廠),null
1025,金車咖啡文教館,null
1026,八德埤塘自然生態公園,null
1027,青塘園,null
1028,桃園藝文廣場,null
1029,蘆竹五福宮,null
1030,壽山巖觀音寺,null
1031,大溪齋明寺,null
1032,小烏來天空步道,null
1033,原住民文化會館,null
1034,石門十一份(石門水庫管理局前的石門大草坪),null
1035,觀音濱海遊憩區(風車景觀),null
1036,大溪河濱公園,null
1037,宏亞巧克力共和國,null
1038,頭寮經國紀念館 (大溪遊客中心),null
1039,老街溪河川教育中心,null
1040,江記豆腐乳文化館,null
1041,太平洋自行車博物館,null
1042,巴陵古道生態園區,null
1043,桃園1-4號生態埤塘,null
1044,好時節休閒農場 (好時節農莊),null
1045,新勢公園,null
1046,大古山步道,null
1047,羊稠森林步道,null
1048,長流美術館(桃園館),null
1049,龍情‧魔幻豆子主題館,null
1050,祥儀機器人夢工廠,null
1051,卡司‧蒂菈樂園(金格觀光工廠),null
1052,興仁夜市,null
1053,霄裡大池(霄裡池),null
1054,許厝港濕地,null
1055,桃園航空城願景館,null
1056,大溪老茶廠,null
1057,馬祖新村文創基地,null
1058,中壢觀光夜市,null
1059,中原商圈 (中原夜市),null
1060,中平路商圈,null
1061,羊世界牧場,null
1062,桃園觀光夜市,null
1063,孔廟,null
1064,楓樹坑,null
1065,忠貞商圈,null
1066,比亞外部落,null
1067,義興吊橋,null
1068,稻米故事館,null
1069,富岡老街,null
1070,秀才登山步道,null
1071,大平紅橋,null
1072,眷村故事館,null
1073,坑口彩繪村,null
1074,GFun機能紡織生活館,null
1075,巴陵橋(巴陵大橋、巴陵舊橋),null
1076,小木屋休閒農場,null
1077,戀戀空港灣休閒農場,null
1078,泉園休閒農場,null
1079,耀輝牧場,null
1080,圓光禪寺,null
1081,中壢仁海宮,null
1082,大溪木藝生態博物館-壹號館,null
1083,桃園國際棒球場,null
1084,中平路故事館,null
1085,楓樹腳公園,null
1086,大園公園,null
1087,大溪埔頂公園,null
1088,三坑自然生態公園,null
1089,大溪橋,null
1090,龍潭區佳安里、建國路123巷,null
1091,龍岡國旗屋,null
1092,中壢六和商圈,null
1093,龜山楓樹坑步道,null
1094,虎頭山公園,null
1095,龍岡清真寺,null
1096,新街國小日式宿舍群,null
1097,中壢老街溪步道,null
1098,三龜戲水,null
1099,大慶洞,null
1100,爺亨梯田,null
1101,華泰名品城,null
1102,龍元宮商圈,null
1103,大湳圖書館,null
1104,阿姆坪薑母島,null
1105,養樂多工廠,null
1106,歐萊德綠建築總部,null
1107,福源茶廠,null
1108,中台環境教育資源中心,null
1109,源友咖啡文化館,null
1110,渴望園區,null
1111,南崁1567小書店,null
1112,福仁宮,null
1113,新南老街,null
1114,迷宮巷(草店尾),null
1115,水牛書店,null
1116,八德茄苳霄裡陽光鐵馬道,null
1117,青林農場,null
1118,大艽芎古道,null
1119,大漢橋,null
1120,大溪月眉至龍潭三坑水岸觀光綠廊,null
1121,霞雲村生態池、鐵木瀑布,null
1122,石門山步道,null
1123,羅馬公路自行車路線,null
1124,角板山形象商圈,null
1125,彩韻廣場,null
1126,新屋百年石滬群,null
1127,晴耕雨讀小書院,null
1128,龍岡森林公園,null
1129,南崁溪水岸自行車道,null
1130,桃園中正藝文特區商圈,null
1131,龍岡圖書館(桃園市立圖書館龍岡分館),null
1132,虎頭山公園全齡友善步道,null
1133,溪口部落,null
1134,石門水庫步道,null
1135,北橫公路自行車路線,null
1136,大棟山登山步道,null
1137,荒野夢二,null
1138,永安北岸濱海遊憩區,null
1139,大溪木藝生態博物館-四連棟,null
1140,大溪木藝生態博物館﹣藝師館,null
1141,桃園慈護宮,null
1142,大溪普濟堂,null
1143,赫威神木群,null
1144,乳姑山,null
1145,國立體育大學,null
1146,環球購物中心桃園8,null
1147,中壢藝術館,null
1148,桃園國際機場,null
1149,茄苳里埤塘公園,null
1150,魅力金三角形象商圈,null
1151,雲南文化公園,null
1152,德馨堂,null
1153,外社輕便車站,null
1154,桃園市土地公文化館,null
1155,葡萄王健康活力能量館,null
1156,大園商圈,null
1157,樂信瓦旦紀念公園,null
1158,龍潭觀光夜市,null
1159,江陵日觀休閒農場,null
1160,晨捷休閒農場,null
1161,108賴家休閒農場,null
1162,千郁休閒農場,null
1163,捷美休閒農場,null
1164,台灣高鐵探索館,null
1165,新溪口吊橋,null
1166,泰雅故事公園,null
1167,豐鄉瀑布遊憩區,null
1168,牛埔溪‧紅樹林景觀區,null
1169,田野情趣 南埔生態村,null
1170,獅頭山風景區,null
1171,百年樟樹 二寮神木,null
1172,苦花魚的故鄉 軍艦岩,null
1173,上帝的應許之林 鎮西堡檜木群,null
1174,巨石之美 青蛙石大峽谷,null
1175,日出美景‧飛鳳山,null
1176,竹北‧原生林保護區,null
1177,清泉風景特定區,null
1178,鴛鴦谷瀑布群,null
1179,國寶植物‧鳳坑村朴樹林,null
1180,北德拉曼山—神木群,null
1181,生態之旅快樂遊 生態農塘,null
1182,全台第七勝 五指山風景區,null
1183,鴛鴦湖自然生態保育,null
1184,司馬庫斯巨木群,null
1185,觀霧森林遊樂區,null
1186,上帝的部落‧司馬庫斯,null
1187,鎮西堡精神堡壘‧鎮西堡教會,null
1188,泰雅精神‧泰雅勇士雕像,null
1189,安靜之屋‧三毛居所,null
1190,尖石地標‧尖石岩,null
1191,傳統盛宴‧賽夏族矮靈祭,null
1192,五峰‧白蘭部落,null
1193,清泉溫泉‧井上溫泉,null
1194,歷史悠久‧鎮西堡部落,null
1195,司馬庫斯古道,null
1196,舒活身心靈‧新竹楓育樂中心,null
1197,享不盡的山中美景‧萬瑞森林樂園,null
1198,豐富饗宴‧神秘國度森林度假村(原成豐夢幻世界),null
1199,夢想王國‧六福村主題遊樂園,null
1200,記憶走廊‧竹東火車站,null
1201,懷舊餐廳‧橫山采風館,null
1202,聚落核心‧慈天宮,null
1203,縣定古蹟‧枋寮褒忠亭義民廟,null
1204,聖女小德蘭教堂,null
1205,百年老橋‧糯米橋,null
1206,南埔‧百年水車,null
1207,客籍畫家‧蕭如松藝術園區,null
1208,縣定古蹟‧尖石TPUNG古堡(李棟山古堡),null
1209,文林閣,null
1210,鄧雨賢音樂文化紀念園區,null
1211,曠世傳奇‧石爺、石娘,null
1212,縣定古蹟‧太和宮,null
1213,醒目地標‧關西天主堂,null
1214,台灣紅茶文物館,null
1215,泰式建築‧潮音禪寺,null
1216,百年歷史‧新埔民俗手藝紙糊店,null
1217,縣定古蹟‧上枋寮劉宅(雙堂屋),null
1218,縣定古蹟‧新埔劉家祠,null
1219,縣定古蹟‧潘氏古厝,null
1220,鏗鏘有力‧長茂打鐵店,null
1221,傳統客家廟宇‧廣和宮,null
1222,縣定古蹟‧采田福地,null
1223,秀巒野溪溫泉,null
1224,竹北六張犁忠孝堂,null
1225,美食‧竹北光明商圈,null
1226,六家‧林家祠,null
1227,縣定古蹟‧問禮堂,null
1228,百年香火‧池府王爺廟,null
1229,新竹縣政府文化局,null
1230,竹北‧豆子埔溪自行車路線,null
1231,溪南湖口顯聖宮,null
1232,縣定古蹟‧老湖口三元宮,null
1233,懷舊風格‧內灣戲院,null
1234,最完整老街‧湖口老街,null
1235,客家氛圍‧新埔傳統市場,null
1236,羅家祠堂,null
1237,大飽口福‧北埔老街,null
1238,關西‧范家古厝,null
1239,西河堂‧林氏家廟,null
1240,無形古佛‧天德堂,null
1241,紙寮窩‧傳老亭,null
1242,地靈人傑‧鹿寮坑社區,null
1243,防禦建築‧叮咚橋,null
1244,姜氏故居‧天水堂,null
1245,國家一級宅第古蹟‧金廣福公館,null
1246,歷史建築‧忠恕堂,null
1247,縣定宅第古蹟‧姜阿新古宅,null
1248,折返式車站‧合興車站,null
1249,劉興欽漫畫暨發明展覽館,null
1250,內灣‧林業展示館,null
1251,竹東信仰中心‧惠昌宮,null
1252,竹東藝文空間‧樹杞林文化館,null
1253,巴洛克風格‧曉江亭,null
1254,竹東蘇宅‧武功堂,null
1255,六家‧新竹高鐵站,null
1256,新埔‧陳氏宗祠,null
1257,新埔動態文物館,null
1258,縣定古蹟‧鄭氏祠堂,null
1259,芎林‧美濃樓,null
1260,絕佳觀景點‧宇老觀景台,null
1261,懷古幽情‧上、下隴西堂,null
1262,老茶廠‧元昌茶廠(綠茶溫家堡),null
1263,大湖口公學校遺址,null
1264,社區藝文沙龍‧名冠藝術館,null
1265,竹東頭重並禁、示禁二碑,null
1266,歷史最悠久‧新豐高爾夫球場,null
1267,美式風格‧東方日星高爾夫球場,null
1268,日夜皆宜‧寶山高爾夫球場,null
1269,鄉野情懷‧旭陽高爾夫球場,null
1270,大山背休閒農業區,null
1271,具國際級水準‧老爺關西高爾夫球場,null
1272,花園景觀‧山溪地高爾夫球場,null
1273,江南庭園‧縣福園,null
1274,原野風情‧立益高爾夫球場,null
1275,竹縣僅存‧樟腦寮,null
1276,文史集中營‧金廣成文物館,null
1277,與大自然的完美演出‧再興高爾夫球場,null
1278,國際錦標級‧長安高爾夫球場,null
1279,峨眉‧水濂洞,null
1280,峨眉‧茶葉展示中心,null
1281,新豐濱海遊憩區,null
1282,瑞龍貝殼博物館,null
1283,鹿寮坑香菇農場,null
1284,照門休閒農業區‧九芎湖步道,null
1285,關西‧石牛山步道,null
1286,內灣垂釣處‧油羅溪谷,null
1287,惠森自然休閒農場,null
1288,番茄聯合國‧金勇IY農場,null
1289,金發火龍果農場,null
1290,統一渡假村‧馬武督渡假會議中心,null
1291,童話世界‧薰衣草森林,null
1292,山上人家農場,null
1293,櫻之林休閒農場,null
1294,和平部落休閒農業區,null
1295,新埔‧陳家農場,null
1296,休閒漁業‧坡頭漁港,null
1297,賞蓮聞香‧富林農場,null
1298,竹東生態河濱公園,null
1299,峨眉‧獅山遊客中心,null
1300,夕照山荷‧蓮花寺,null
1301,竹北‧濱海遊憩區,null
1302,新豐‧三元宮,null
1303,新豐‧普元宮,null
1304,箕山親水露營區,null
1305,福祥多肉植物園,null
1306,飛鳳園‧自然生態渡假農場,null
1307,百年底韻‧峨眉老街,null
1308,峨眉‧富興老街,null
1309,富興庄茶葉文物館,null
1310,峨眉湖風景區,null
1311,「奇廟」之一‧玖龍宮,null
1312,寶湖吊橋．碧湖吊橋,null
1313,花團錦簇‧深井村茶花園區,null
1314,北埔第一棧‧膨風茶文物館,null
1315,永不褪色‧鄧南光影像紀念館,null
1316,原始部落‧泰雅新光部落,null
1317,水田文化‧水田部落,null
1318,荒野原鄉‧那羅部落,null
1319,五峰‧清泉天主堂,null
1320,部落小學‧桃山國小,null
1321,製竹工廠‧篁城竹簾,null
1322,竹東‧林業展示館,null
1323,社區彩繪‧軟橋社區,null
1324,竹東‧商華市場,null
1325,古意猶存‧內灣車站,null
1326,內灣吊橋‧攀龍吊橋,null
1327,橫山‧內灣派出所,null
1328,兒時記趣‧玉翎龍童玩博物館,null
1329,芎林‧大華鴕鳥農場,null
1330,漫遊大自然‧馬武督探索森林,null
1331,沙湖壢藝術村,null
1332,少帥張學良‧故居探索之旅,null
1333,縣定古蹟‧張氏家廟,null
1334,縣定古蹟‧范氏家廟,null
1335,獨特風格‧內灣國小,null
1336,竹縣首座‧濟生BEUTY兩岸觀光生醫美學健康館,觀光工廠
1337,橫山‧廣濟宮,null
1338,竹東之心‧竹東火車站旅遊服務中心,null
1339,吳濁流故居,null
1340,福明新農場,null
1341,新埔鎮產業交流中心-新農民市場,null
1342,振慶製茶工廠,null
1343,新埔義勇廟,null
1344,金色天地休閒農場(原景色天地休閒農場),null
1345,九芎湖周家庄農場,null
1346,瓦窯贔農莊,null
1347,小叮噹生活大師會館,null
1348,新豐海堤,null
1349,鳳蓮宮,null
1350,紅毛港生態遊憩區,null
1351,新豐濕地,null
1352,新竹高爾夫俱樂部,null
1353,紅毛港紅樹林自行車道,null
1354,新竹區漁會 金發號漁筏,null
1355,永寧宮,null
1356,十全農園,null
1357,戈尤浪部落,null
1358,休閒農業河川自然生態景觀園區,null
1359,迎風館,null
1360,錦山觀光農園,null
1361,錦泰觀光茶廠,null
1362,錦山香菇農場,null
1363,馬武督長老教會,null
1364,阿根草莓園,null
1365,關西鎮農會新農民市場,null
1366,關西鎮柿餅產銷班(吳厝柿餅),null
1367,關西鎮農會仙草加工廠(供銷部),null
1368,德寶博物館,null
1369,元和宮,null
1370,金錦山義民廟,null
1371,藥師佛禪寺,null
1372,佛陀世界(原名童話世界),null
1373,彩和山步道,null
1374,華山休閒農場,null
1375,福田草莓園,null
1376,錦山鐵馬驛站,null
1377,高品農園,null
1378,阿嬌草莓園,null
1379,呂記農園,null
1380,大旭谷蘭花農場,null
1381,大羅草莓園,null
1382,幻多奇另類博物館,null
1383,華洲園偶戲館,null
1384,情人谷步道,null
1385,木馬古道,null
1386,金哪吒休閒園區,null
1387,櫻花園休閒農莊,null
1388,內灣天主堂,null
1389,天人岩屋,null
1390,台灣牛樟芝家族,null
1391,大山背樂善堂,null
1392,九讚頭文化協會,null
1393,丹桂宮,null
1394,楊公廟,null
1395,百年古井,null
1396,峨眉天主堂,null
1397,雙胞胎井,null
1398,溪源洞老仙爺廟,null
1399,新豐宮,null
1400,種福禪寺,null
1401,寶山糖廠,null
1402,峰城炭窯 (木炭的家),null
1403,三峰務農族果園,null
1404,元聖宮,null
1405,保生宮,null
1406,寶山橄欖產銷班,null
1407,尖石鄉原住民文物館,null
1408,錦屏教會,null
1409,福沙大崎步道,null
1410,北角吊橋,null
1411,江山園編織工作室,null
1412,山清休閒農園,null
1413,南大隘休閒景觀道路,null
1414,八仙瀑布,null
1415,賽夏族巴斯達隘祭場,null
1416,麥巴萊部落,null
1417,桃山隧道,null
1418,五峰涼山露營區,null
1419,尤瑪山莊,null
1420,金剛寺,null
1421,北埔觀音仙水,null
1422,秀巒公園,null
1423,竹語茶蘆-蕃薯伯焢窯,null
1424,老頭擺生態休閒農場,null
1425,麥客田園休閒農場,null
1426,北埔地方文化館,null
1427,龍門休閒農園,null
1428,陳永斌木工IY工作室,null
1429,大湖山林,null
1430,久久養生蕃茄館,null
1431,五指山猴洞步道,null
1432,代勸堂,null
1433,五和宮,null
1434,文林生態古道,null
1435,段木香菇農場,null
1436,鹿寮坑驛棧,null
1437,濕地農場,null
1438,紙寮窩造紙工坊,null
1439,新竹縣芎林鄉農會˙草莓產銷班,null
1440,芎林分駐所,null
1441,上瑞柑園,null
1442,甘露寺,null
1443,竹東慈惠堂,null
1444,竹北天后宮,null
1445,文化兒童公園,null
1446,白地街六號生態園,null
1447,佛有緣紅龍果觀光果園,null
1448,富美土雞產銷班,null
1449,新瓦屋客家文化保存區,null
1450,新竹縣立美術館,null
1451,鳳山溪麻園生態公園,null
1452,蓮華寺,null
1453,福樂休閒漁村－拔子窟烏魚養殖區,null
1454,臺灣高鐵新竹站,null
1455,新竹縣縣史館,null
1456,竹北六張犁大夫第,null
1457,竹北通德堂,null
1458,竹北泉州厝汾陽堂,null
1459,竹北體育館,null
1460,湖口老街天主堂,null
1461,金獅寺步道,null
1462,湖口鄉觀光茶園,null
1463,榕園圃農莊,null
1464,湖口裝甲新村(乙村),null
1465,金谷農場,null
1466,新埔天主堂,null
1467,三聖宮,null
1468,新埔朱氏家廟,null
1469,新埔宗祠客家文化導覽館,null
1470,柿染工坊,null
1471,老房演繹日式風情－關西樹德醫院,null
1472,文化資產憶往昔－關西分駐所,null
1473,關西分駐所長宿舍,null
1474,鼎豐養蜂場,null
1475,鴛鴦池,null
1476,林家果園,null
1477,Tai 玻璃工坊,null
1478,黃光來溫室水蜜桃園(段木香菇園),null
1479,新城風糖休閒園區,null
1480,深井邱家茶花園,null
1481,那羅文學屋,null
1482,東峰創意園區(金雞蛋農場),null
1483,錦屏公園,null
1484,徐耀良茶園,null
1485,內灣大嬸婆黑糖發粄,null
1486,富貴車站,null
1487,綠光小學,null
1488,橫山采風館,null
1489,石爺亭,null
1490,連星園驛站,null
1491,內灣妖怪郵便局,null
1492,隆聖宮,null
1493,銀絲瀑布,null
1494,白蘭休閒農業區,null
1495,許願池,null
1496,背影橘舍觀光果園,null
1497,芎林呈甘橋及捐題碑,null
1498,新埔國小校長宿舍,null
1499,朱羅伯公,null
1500,關西南陽堂鄧屋,null
1501,賜福公園步道,null
1502,玉泉山普照宮,null
1503,芎林鹿寮坑鍾家伙房,null
1504,雙豐宮,null
1505,秀巒溫泉,null
1506,元光寺,null
1507,竹北市民農園,null
1508,富茂蘭園,null
1509,雙園休閒農場,null
1510,武中眼科舊址,null
1511,騎龍古道,null
1512,大旗棟古道,null
1513,高平番茄農場,null
1514,元馨柿餅,null
1515,金漢柿餅,null
1516,竹東大圳,null
1517,上坪老街,null
1518,吳天祐紀念碑,null
1519,甘家渤海堂,null
1520,山神社,null
1521,合興車站,null
1522,竹北蓮花寺溼地,null
1523,不老居休閒農園,null
1524,羅幸鱒魚休閒農莊,null
1525,文珍果園,null
1526,勝櫻農場暨原民藤編,null
1527,鳥嘴山露營場,null
1528,樂哈山農場露營區,null
1529,五峰竹林村,null
1530,涼井,null
1531,西河堂公廳,null
1532,春和農場,null
1533,犁頭山步道,null
1534,墾園,null
1535,新寶觀光果園,null
1536,湘樟園休閒農莊,null
1537,巨埔農場,null
1538,旺來有機農場,null
1539,炭窯,null
1540,興盛鐵店,null
1541,上品香果園,null
1542,客鄉橘品客家手作香皂,null
1543,南埔大橋,null
1544,芎林溼地農場(落羽松湖畔森林),null
1545,賽夏族矮人祭場文物館,null
1546,西瓜莊園,null
1547,雲霧步道,null
1548,新埔文昌祠,null
1549,北得拉曼休閒營地,null
1550,小米裝飾藝術品,null
1551,東坑新豐宮,null
1552,關西蝙蝠洞,null
1553,坪林登山步道,null
1554,望德園生機農場,null
1555,野馬瞰山森林步道,null
1556,修女廟,null
1557,上寶山野雞園,null
1558,順翌休閒農場,null
1559,四寮溪步道,null
1560,竹南啤酒廠,null
1561,后厝龍鳳宮,null
1562,五穀先帝廟,null
1563,中港慈裕宮,null
1564,永和山自行車觀光園道,null
1565,竹南龍鳳漁港,null
1566,五榖先帝廟,null
1567,ーㄚ箱寶,null
1568,三義木雕博物館,null
1569,西湖渡假村,null
1570,龍騰斷橋,null
1571,鯉魚潭水庫,null
1572,山板樵文化生活館,null
1573,荷蘭木鞋彩繪屋,null
1574,挑炭古道,null
1575,大興善寺,null
1576,水美木雕街,null
1577,四方牧場,null
1578,竹南蛇窯古窯生態博物館,null
1579,火炎山森林生態教育館,null
1580,鳳龍山觀音寺,null
1581,苗北藝文中心,null
1582,崎頂隧道,null
1583,關刀山步道,null
1584,巴巴坑道休閒礦場,null
1585,永和山水庫,null
1586,和豐農園,null
1587,永和山茶廠,null
1588,紅樹林生態保護區,null
1589,濱海森林公園,null
1590,白沙屯拱天宮,null
1591,通霄精鹽廠,null
1592,圳頭窯藝博物館,null
1593,天仁茶文化館,null
1594,豐田休閒農場,null
1595,苗栗市藝文中心,null
1596,媽祖石雕,null
1597,大湖草莓文化館,null
1598,十分崠步道,null
1599,南昌宮,null
1600,法雲寺古道,null
1601,馬那邦山登山步道,null
1602,雪霸國家公園,null
1603,聖衡宮,null
1604,鷂婆山觀光農業區,null
1605,羅福星紀念館,null
1606,台灣蠶蜂昆蟲教育園區,null
1607,台灣油礦陳列館,null
1608,八角崠登山步道,null
1609,行修寺,null
1610,苗栗特色館,null
1611,太陽宮,null
1612,福村養生農園,null
1613,五榖文化村,null
1614,出磺坑礦場,null
1615,灣麗磚瓦文物館,null
1616,華陶窯,null
1617,苑港觀光漁港,null
1618,慈和宮,null
1619,心雕居,null
1620,山水米有機稻場,null
1621,荒木藝術中心,null
1622,彙古陶邑,null
1623,馬家庄,null
1624,大山車站,null
1625,外埔漁港,null
1626,汶水老街,null
1627,石觀音,null
1628,日新島,null
1629,象山孔廟,null
1630,徐府竹仔閣,null
1631,隘寮頂步道,null
1632,仙山靈洞宮,null
1633,虎頭崁古道,null
1634,蓬萊溪護魚步道,null
1635,永貞宮,null
1636,義民廟,null
1637,燕巢岩壁與一字屋,null
1638,楊統領廟,null
1639,頭份後花園,null
1640,盛隆牧場,null
1641,藺草文化館,null
1642,紙湖農場,null
1643,泉明生態教育蠶業農場,null
1644,南庄文化會館,null
1645,神仙谷,null
1646,墨硯山古道,null
1647,蘆沐春風教育農場,null
1648,彎麗愛情果園(苑裡鎮農會),null
1649,火炎山溫泉遊樂區,null
1650,全國花園高爾夫球場,null
1651,貓貍山公園,null
1652,桐花公園 客家大院,null
1653,陶蝶H,null
1654,永春宮,null
1655,鳴鳳古道,古道
1656,濟世宮,null
1657,洛雷托聖母之家,null
1658,大化宮,null
1659,雙峰山,null
1660,大補內彈珠汽水觀光工廠,null
1661,挑鹽古道,null
1662,仙山登山步道,null
1663,客家文化園區,null
1664,仙山農場,null
1665,弘法院,null
1666,清泉農場,null
1667,獅潭村史博物館,null
1668,義民廟,null
1669,親水公園,null
1670,觀魚步道,null
1671,木頭窯,null
1672,龍昇湖,null
1673,劍潭水庫,null
1674,劍潭古道,null
1675,口山步道,null
1676,鄭漢步道,null
1677,天賜自然生態園區,null
1678,牛奶的故鄉,null
1679,香格里拉樂園,null
1680,造橋木炭博物館,null
1681,力馬生活工坊,null
1682,通霄神社,null
1683,建民農場,null
1684,典藏陶藝農場,null
1685,橫龍古道,null
1686,房裡溪義渡亭,null
1687,卓蘭西坪花藝園區自行車道,null
1688,白布帆峽谷,null
1689,軍民廟,null
1690,峨崙廟,null
1691,罩蘭藝文中心,null
1692,果然教育農場,null
1693,松原農庄,null
1694,台三菓香創意農場,null
1695,金龍窯,null
1696,宣王宮,null
1697,吳濁流文學藝術館,null
1698,茅仔埔青錢第,null
1699,彭城劉氏宗祠,null
1700,湖東休閒農場區,null
1701,鄉野傳奇休閒農園,null
1702,秘密花園,null
1703,鐵路博物館,null
1704,維新客家文物館,null
1705,鬍鬚梅園文物館,null
1706,夏威夷紅芭樂觀光農園,null
1707,東里家風-百年古厝,null
1708,通霄鎮綜合活動中心,null
1709,獅潭鄉文化會館,null
1710,三山國王廟,null
1711,中山堂&中正館,null
1712,舊山線十六份文化館,null
1713,白西社區,null
1714,黃金小鎮,null
1715,光天高山步道,null
1716,南天古道,null
1717,哈堪尼山登山步道,null
1718,南庄老街(桂花巷),null
1719,神桌山登山步道,null
1720,鹿場,null
1721,獅頭山古道,null
1722,鹿加古道,null
1723,白雲寺玉皇宮,null
1724,永和山褒忠祠,null
1725,半天寮好望角,null
1726,台灣水牛城,null
1727,媽靈宮,null
1728,慈雲宮,null
1729,滿燭IY蠟燭故事館,null
1730,蔡家古厝,null
1731,玉清宮,null
1732,壢西坪休閒農業區,null
1733,泰安出火部落廣場,null
1734,苗栗縣泰雅原住民文化產業區,null
1735,苗栗客家圓樓,null
1736,過港貝化石層,null
1737,同興老街,null
1738,鄭崇和墓園,null
1739,幸褔牧場,null
1740,火炭谷休閒農場,null
1741,員林衡文宮,null
1742,台塑生醫健康悠活館,null
1743,明豐佛俱神桌,明豐佛俱神桌大批發
1744,松鶴中國服飾,松鶴中國服飾
1745,福寶乳牛彩繪村,null
1746,蛤蜊兵營,null
1747,龍騰公園,null
1748,平和社區雙心池塘,null
1749,芙蓉谷瀑布,null
1750,中寮鄉龍鳳瀑布空中步道,null
1751,馬蹄蛤主題館,馬蹄蛤
1752,日落蚵田,日落蚵田
1753,蜜蜂故事館,蜜蜂故事館
1754,太平老街,太平老街
1755,口湖下寮萬善同歸塚,萬善同歸塚
1756,三山國王廟,三山國王廟
1757,金湖萬善爺廟,萬善爺廟
1758,酸菜文化館,酸菜
1759,斗六圓環,圓環(水舞噴水池)
1760,斗六車站,斗六新站
1761,斗南車站,斗南車站
1762,順安宮,順安宮
1763,振興戲院,振興戲院
1764,北港觀光大橋,北港觀光大橋
1765,義民廟,義民廟
1766,朝天宮,朝天宮
1767,涵園休閒中心(石頭公園),石頭公園
1768,荷苞山地母廟,荷苞山地母廟
1769,華山休閒農業區,華山休閒農業區
1770,綠色隧道景觀公園,綠色隧道景觀公園
1771,荷苞山咖啡園區,荷苞山咖啡園區
1772,劍湖慈光寺,慈光寺
1773,石壁生態休憩區,石壁生態休憩區
1774,草嶺地質體驗區,草嶺地質體驗區
1775,台西漁港,台西漁港
1776,台西海園,台西海園
1777,農漁村生活文化館,農漁村生活文化館
1778,三條崙漁港,三條崙漁港
1779,七崁雕塑公園,七崁雕塑公園
1780,延平老街,延平老街
1781,西螺戲院,西螺戲院
1782,振文書院(文祠廟),振文書院(文祠廟)
1783,西螺大橋,西螺大橋
1784,福興宮,福興宮
1785,廣福宮,廣福宮
1786,廣興教育農園,廣興教育農園
1787,捷發乾記茶莊(延平老街文化館),捷發乾記
1788,湖本生態村,湖本生態村
1789,坪頂觀光茶園(茶葉推廣中心),坪頂觀光茶園
1790,農田水利文物陳列館,農田水利文物陳列館
1791,虎尾糖廠,虎尾糖廠
1792,雲林布袋戲館,"布袋戲,虎尾,雲林"
1793,同心家園,同心家園
1794,雲林故事館,雲林故事館
1795,蕃薯窯文化創意園區,蕃薯窯
1796,六輕阿媽公園,六輕阿媽公園
1797,拱範宮,拱範宮
1798,風力發電,風力發電
1799,樹仔腳天主堂,樹仔腳天主堂
1800,福天宮,福天宮
1801,石敢當,石敢當
1802,白馬山菩提講堂,白馬山菩提講堂
1803,劍湖山世界,劍湖山世界
1804,小黃山,小黃山
1805,天聖宮,天聖宮
1806,圓明禪寺,圓明禪寺
1807,烏塗發電廠,烏塗發電廠
1808,振興宮,振興宮
1809,張廖宗祠(崇遠堂),崇遠堂
1810,斗六棒球場,斗六棒球場
1811,日興被帳行,被帳
1812,長生堂中藥房,長生堂中藥房
1813,湖山岩大佛寺／佛教藝術園區,湖山岩大佛寺
1814,武德宮(五路財神廟),五路財神
1815,藝術協會、海口數位藝術生活館,海口數位藝術生活館
1816,綠色一線天自行車道,綠色一線天自行車道
1817,楊厝社區,楊厝社區
1818,二崙鄉廖文和布袋戲團,廖文和布袋戲團
1819,褒忠馬鳴山鎮安宮,褒忠馬鳴山鎮安宮
1820,貓兒干文史協會,貓兒干
1821,崙背欣昌錦鯉養殖場,錦鯉
1822,七角井,七角井
1823,蕃薯厝順天宮,順天宮
1824,塭底賞鳥區,塭底賞鳥區
1825,甭錢生態教學農場,甭錢生態教學農場
1826,糖業文物館,糖業文物館
1827,虎尾合同廳舍,"虎尾,合同廳舍,誠品,星巴克"
1828,興隆毛巾觀光工廠,興隆毛巾
1829,福祿壽觀光酒廠,null
1830,泰山石敢當,泰山石敢當
1831,阿善師墓園,阿善師
1832,丸莊醬油觀光工廠,丸莊醬油
1833,媽祖景觀公園,媽祖景觀公園
1834,北港形象商圈,北港形象商圈
1835,海清宮,包公廟
1836,四湖海岸植物園,四湖海岸植物園
1837,湖口溼地,湖口溼地
1838,鄭豐喜紀念圖書館,鄭豐喜
1839,孩沙里社區,孩沙里
1840,謝厝木藝,謝厝木藝
1841,二崙運動公園,運動公園
1842,二崙濁水夕照,濁水夕照
1843,二崙新虎溪,新虎溪
1844,魔羯魚祈福館,魔羯魚
1845,虎尾厝沙龍,虎尾厝‧SLON
1846,青山坪咖啡農場,null
1847,北港水道頭文化園區,八角水塔
1848,汎歌保養品科技美學館,汎歌保養品
1849,北港牛墟,北港牛墟
1850,虎尾驛,虎尾驛
1851,虎尾鐵橋,虎尾鐵橋
1852,行啟記念館,行啟館
1853,北港故事館,北港故事館
1854,冠弦吉他樂器行,手工吉他
1855,穎創毛巾工坊,穎創毛巾工坊
1856,朝露魚舖觀光工廠,朝日魚舖
1857,緹諾時尚生活館,豐本
1858,悠紙生活館,null
1859,持法媽祖宮,null
1860,治人生活館,null
1861,iicake雲林蛋糕毛巾咖啡館,null
1862,古坑情人橋,null
1863,黃金蝙蝠生態館,null
1864,奇香老沉(香茶藝術),null
1865,李萬居故居(李萬居精神啟蒙館),null
1866,墨池堂-太平老街創作食坊,null
1867,北港「甕牆」,null
1868,石壁村-木馬古道,null
1869,草嶺-幽情谷,null
1870,蔦松客棧,null
1871,成龍溼地,null
1872,北港-武德宮樂咖啡,null
1873,北港工藝坊,null
1874,織雲館,null
1875,炎卿木偶雕刻社,"布袋戲,掌中戲,炎卿"
1876,Gem Shop真金店,null
1877,北港春生活園區,null
1878,偶的家戲偶文創園區,null
1879,良作工場農業文創館,null
1880,台灣鯛生態創意園區,null
1881,澄霖味道森林館,null
1882,佛美神仙故事館,null
1883,雅聞峇里海岸,null
1884,雲林縣虎尾鎮北溪社區發展協會,null
1885,荷苞山桐花公園桐趣路營區,null
1886,朴子市南竹里原創插畫彩繪村,null
1887,林業試驗所中埔研究中心,null
1888,太保精緻溫室農業,null
1889,山靈,null
1890,國立故宮博物院南部院區,null
1891,縣治特區,null
1892,福靈宮鐵嘴將軍,null
1893,千年蝙蝠洞,null
1894,青年嶺,null
1895,燕子崖,null
1896,二尖山,null
1897,禪林寺,null
1898,大窯觀日台,null
1899,三十六彎,null
1900,太平風景區,null
1901,太和風景區,null
1902,太興休閒農業園區,null
1903,楓林峽,null
1904,奮起湖老街,null
1905,靈嚴寺,null
1906,縣定古蹟奮起湖車庫,null
1907,龍雲休閒農場,null
1908,吳鳳故居,null
1909,德源禪寺,null
1910,獨立山古道,null
1911,梅山汗路藝文生態館,null
1912,瑞峰龍宮瀑布,null
1913,光華社區(頂笨仔)五星三古,null
1914,茶鄉濃情展示館,null
1915,梅問屋梅子元氣館,null
1916,大林糖廠,null
1917,南華大學,null
1918,隆天宮,null
1919,昭慶禪寺,null
1920,八仙山寶林禪寺,null
1921,慶誠宮,null
1922,三疊溪天臺殿,null
1923,開元殿,null
1924,溪口鄉文化生活館,null
1925,旺萊山觀光工廠,null
1926,松山土窯羊肉,null
1927,虎頭崁碑,null
1928,民雄金桔觀光工廠,null
1929,溪口老街,null
1930,明華溼地,null
1931,社團國小-諸羅樹蛙,null
1932,達娜伊谷生態園區,null
1933,二萬平風景區,null
1934,仙井瀑布,null
1935,梅園,null
1936,沼平公園,null
1937,祝山觀日平台,null
1938,觸口自然教育中心,null
1939,東洋棕梠湖高爾夫球場,null
1940,石硦林場,null
1941,中埔嘉檳文化館,null
1942,嘉義童年渡假村,null
1943,白馬亭,null
1944,石棹,null
1945,大潭村精忠廟,null
1946,古笨港縣丞署,null
1947,頂菜園鄉土館,null
1948,嘉義縣自然史教育館,null
1949,歷史建築新港台糖復興鐵橋,null
1950,新港鐵路公園,null
1951,新港三朵花的動人故事,null
1952,縣定古蹟奉天宮,null
1953,板陶窯,null
1954,縣定古蹟六興宮,null
1955,板頭社區舊河道文化會館,null
1956,七步迴音谷,null
1957,劉家古樓,null
1958,縣定古蹟大興宮,null
1959,國定古蹟水仙宮,null
1960,新港香藝文化館,null
1961,斯比斯比鐵達尼峭岩,null
1962,福美吊橋,null
1963,優遊吧斯鄒族文化部落,null
1964,阿里山森林遊樂區,null
1965,老楊方城市觀光工廠,null
1966,卡羅爾銅管樂器觀光工廠,null
1967,陶藝之村墘窯休閒陶坊,null
1968,朴子溪自行車道,null
1969,朴子藝術公園,null
1970,德興里老厝,null
1971,牛挑灣埤生態公園,null
1972,鐵支路公園,null
1973,梅嶺美術館,null
1974,縣定古蹟朴子水塔,null
1975,日常,null
1976,四腳獸,null
1977,松卡,null
1978,六家佃長壽橋,null
1979,王得祿將軍墓,null
1980,慈化寺,null
1981,縣定古蹟義竹翁清江宅,null
1982,修緣禪寺,null
1983,太聖宮,null
1984,布袋遊艇港,null
1985,布袋鹽場,null
1986,布袋觀光漁市,null
1987,好美寮自然生態保護區,null
1988,新塭嘉應廟,null
1989,歷史建築貞愛親王殿下御上陸紀念之碑,null
1990,布袋漁港,null
1991,新塭滯洪池,null
1992,鰲鼓溼地,null
1993,風吹嶺,null
1994,笨港口港口宮,null
1995,朴子溪河口濕地,null
1996,余順豐花生觀光工廠,null
1997,龍隱寺,null
1998,仁義潭水庫,null
1999,情人公園,null
2000,獨角仙農場,null
2001,縣定古蹟吳鳳廟,null
2002,樂野,null
2003,茶山部落,null
2004,來吉部落,null
2005,縣定古蹟樹靈塔,null
2006,二延平山,null
2007,竹崎公園,null
2008,南靖糖廠,null
2009,徐徐品創,null
2010,大士爺廟,null
2011,中央廣播電台民雄分台日式招待所,null
2012,魚寮遺址,null
2013,配天宮,null
2014,五穀王廟,null
2015,碧湖山觀光茶園,null
2016,奮起湖風景區,null
2017,奮起湖神社遺址,null
2018,縣定古蹟紫雲寺,null
2019,隙頂休閒步道區,null
2020,半天岩,null
2021,大埔運動公園,null
2022,南崙彩繪村,null
2023,北崙彩繪村,null
2024,三界埔社區,null
2025,生力農場,null
2026,紫雲社區童玩館,null
2027,達邦遊客中心與鄒族自然文化中心,null
2028,隙頂之星步道,null
2029,太平社區,null
2030,巃頂步道,null
2031,蘭后山莊鄒族文物館,null
2032,石夢谷,null
2033,板頭社區,null
2034,霧茶雲霞櫻步道,null
2035,頂湖步道,null
2036,東石自然生態展示館,null
2037,蛟龍大瀑布,null
2038,嘉義酒類文物館,null
2039,縣定古蹟東石郡役所,null
2040,新港文教基金會閱讀館,null
2041,荷苞嶼生態園區,null
2042,野薑花溪步道,null
2043,草蘭溪攔沙壩大瀑布,null
2044,坪林風景區,null
2045,曾文寺七寶塔,null
2046,國立中正大學,null
2047,嘉義縣表演藝術中心,null
2048,蕭武龍交趾陶,null
2049,葫蘆莊教育農園,null
2050,大崙社區,null
2051,北回歸線天文廣場,null
2052,頂塗溝蝴蝶村,null
2053,南靖火車站,null
2054,牛將軍廟,null
2055,王氏家廟,null
2056,聖恩宮,null
2057,中寮安溪城隍廟,null
2058,鹿仔草民俗文化學堂,null
2059,船仔頭藝術村,null
2060,歷史建築後寮羅氏宗祠,null
2061,朴子溪生態,null
2062,保鹿自行車道,null
2063,鹿草西瓜產銷班,null
2064,相逢瀑布,null
2065,菁埔彩繪村,null
2066,天木,null
2067,天書,null
2068,生命之舞,null
2069,舉杯邀樂,null
2070,穿梭神木之間,null
2071,文化磁場中的位子,null
2072,潭墘社區,null
2073,蒜頭社區,null
2074,梅山農會農村文化館,null
2075,新港文化館．25號倉庫,null
2076,優格哇獅市集(逐鹿社區),null
2077,雲潭瀑布,null
2078,歷史建築國家廣播文物館,null
2079,特富野古道,null
2080,高跟鞋教堂,null
2081,登雲書院遺址,null
2082,屏東縣排灣族雕刻館,"排灣族,雕刻館"
2083,媽祖廟(慈鳳宮),媽祖廟
2084,屏東鄉土藝術館,鄉土藝術館
2085,崇蘭蕭家古厝,"蕭氏家廟,崇蘭里"
2086,屏東夜市,夜市
2087,屏東美術館,美術館
2088,屏東糖廠,"糖廠,火車"
2089,原住民文化會館,原住民文化
2090,瑞光夜市,"瑞光,屏東夜市"
2091,玉皇宮,"天公廟,屏東廟宇"
2092,金桔休閒園區,金桔
2093,龔家古厝,"古蹟,耆老村,龔家古厝"
2094,河堤公園,"隘寮溪,河堤"
2095,隘寮河堤車道,"隘寮溪,單車國道"
2096,鯉魚山泥火山,"泥火山,萬丹"
2097,長治-麟洛自行車道,"自行車道,單車國道"
2098,農業生物科技園區,"博覽會,農業,植物"
2099,自行車景觀橋,"自行車,單車國道,自行車道,麟洛"
2100,麟洛自行車道,"麟洛,單車國道"
2101,柚園生態農場,生態農場
2102,濕地公園,"濕地,國道三號"
2103,耕心植物農場,"休閒農園,農場"
2104,清波蘭園,蘭花
2105,穎達生態休閒農場,"休閒農園,萬巒"
2106,安巒山莊休閒農場,休閒農場
2107,賞月咖啡休閒農場,"休閒農場,咖啡,平地咖啡"
2108,枋山休閒農場,"枋山,休閒農場"
2109,萬金綠色隧道,"萬金,萬金營區,綠色隧道"
2110,萬巒豬腳街,"萬巒豬腳,萬巒"
2111,王乾坤有機農園,"有機,玉荷包,休閒農園"
2112,五溝村劉氏宗祠,"古蹟,五溝村"
2113,潮州市民農園,"休閒農園,開心農場"
2114,八大森林遊樂園,"森林遊樂園,潮州"
2115,朝林宮,"媽祖廟,潮州廟宇"
2116,舊潮州郵局(屏東戲曲故事館),"古蹟,舊郵局"
2117,東港東隆宮,"王船,東港廟宇"
2118,朝隆宮,媽祖廟
2119,鎮海宮,"鎮海公園,王船,海洋"
2120,鎮海公園,"鎮海宮,公園"
2121,長老教會,"基督教,延平街,東港教會"
2122,漁獲拍賣市場,"魚市場,拍賣,華僑市場"
2123,大鵬灣國家風景區,"大鵬灣,國家風景區,東港"
2124,福灣養生休閒農場(福灣莊園),"休閒農園,莊園"
2125,大路觀主題樂園,"遊樂園,高樹"
2126,高樹元氣館,"高樹鄉公所,農產品"
2127,津山觀光休閒農園,"休閒農園,津山瀑布"
2128,鴻旗有機休閒農場,"有機米,休閒農園"
2129,竹田驛園,"火車,竹田,古蹟"
2130,客家文物館,"客家,文物館"
2131,六堆忠義祠,"客家,六堆"
2132,竹田自行車道,"竹田,自行車道,竹田驛園"
2133,東望樓,古蹟
2134,內埔天后宮,內埔媽祖廟
2135,昌黎祠,文昌帝君
2136,六堆客家文化園區,"客家文化,六堆,文化園區"
2137,屏東酒廠,酒廠
2138,豐田老街,"老街,內埔"
2139,新北勢庄東柵門,"豐田老街,新北勢庄,豐田村,鴻雲祥,松榮五金"
2140,龍泉觀光酒廠,"青啤,龍泉,酒廠"
2141,陽光綠堤休閒農場,休閒農園
2142,大鴕家觀光休閒農場,"鴕鳥,休閒農場"
2143,排灣三寶工藝館,"排灣,工藝"
2144,霧臺基督長老教會,"基督教會,霧臺鄉"
2145,伊拉部落,"排灣族,伊拉"
2146,霧臺石板聚落,"霧臺鄉,石板屋"
2147,三地門藝術村,"三地門,排灣族藝術"
2148,三地門文化館,"三地門,中山公園"
2149,大津瀑布,"三地門,瀑布"
2150,安坡部落,"三地門鄉,安坡部落"
2151,賽嘉航空園區,"飛行,賽嘉,賽嘉樂園"
2152,舊筏灣部落,"排灣族,尋根,舊筏灣"
2153,瑪家鄉農漁業園區,"瑪家鄉,休閒農場"
2154,涼山瀑布,"涼山,瑪家鄉"
2155,笠頂山登山步道,"登山步道,笠頂山"
2156,臺灣原住民文化園區,"原住民,瑪家鄉,文化園區"
2157,古樓部落,來義排灣部落
2158,喜樂發發森林公園,"喜樂發發,來義森林公園"
2159,佳興部落,"佳興部落,泰武木棉花"
2160,比悠瑪部落,"泰武鄉,排灣部落"
2161,佳平部落,"排灣族,佳平"
2162,怡然居螢火蟲生態休閒農場,"螢火蟲季,怡然居,新埤休閒農場"
2163,花瓶岩,"小琉球,海岸地形,地標"
2164,琉球旅客中心,"小琉球,旅遊"
2165,美人洞風景區,"小琉球風景區,海蝕地形"
2166,沙瑪基渡假區,"小琉球,露營,日落"
2167,肚仔坪,"海蝕地形,沙灘,生態導覽,潮間帶"
2168,杉福漁港,"鮪魚,小琉球漁港"
2169,山豬溝風景區,"海蝕地形,小琉球風景區,小琉球旅遊"
2170,蛤板灣風景區,"小琉球風景區,海蝕地形,小琉球旅遊"
2171,烏鬼洞風景區,"烏鬼洞,小琉球故事,小琉球旅遊"
2172,落日亭,"夕陽,海岸,小琉球"
2173,海子口,"港口,小琉球"
2174,厚石群礁,"小琉球地形,觀音石"
2175,百年榕樹,"小琉球傳說,白燈塔,小琉球景點"
2176,秘密沙灘,"小琉球景點,港口,沙灘,星沙"
2177,龍蝦洞,"小琉球景點,潮間帶導覽,龍蝦"
2178,白沙觀光港,"小琉球旅遊,小琉球交通,港口"
2179,竹林生態溼地公園,"小琉球景點,碧雲寺,觀音嬤"
2180,水底寮古厝群,"水底寮,古蹟,古厝"
2181,苦伕寮公園,"鐵道,林邊車站,班道夫"
2182,南州糖廠,"糖廠,南州,鐵路"
2183,雙流國家森林遊樂區,"國家森林遊樂區,雙流,獅子鄉"
2184,里龍山步道,"里龍山,楓港,登山步道"
2185,四重溪溫泉遊憩區,"溫泉,四重溪,車城"
2186,海口港,"海口,港口,車城"
2187,優生美地休憩農場,"休閒農場,四重溪"
2188,福安宮,"土地公廟,車城土地公廟"
2189,保力林場,"屏科大林場,保力村"
2190,統埔琉球民墓,"日本琉球,古蹟,車城古蹟"
2191,海口沙漠,"海口港,白砂"
2192,後灣,"車城,沙灘"
2193,恆春石牌公園,"石牌公園,恆春老街"
2194,墾丁國家森林遊樂區,墾丁
2195,小灣海水浴場,"墾丁,海水浴場,沙灘"
2196,墾丁大街,"墾丁,墾丁小吃"
2197,墾丁青年活動中心,"墾丁住宿,青蛙石"
2198,青蛙石,"墾丁青年活動中心,墾丁,海蝕地形"
2199,砂島生態保護區,"砂島,生態"
2200,香蕉灣生態保護區,"墾丁,香蕉灣"
2201,龍磐公園,"墾丁,龍磐,草原"
2202,水蛙窟,"墾丁景點,水蛙"
2203,臺灣最南點意象標誌,"墾丁,最南端"
2204,墾丁牧場,"墾丁景點,大尖山,畜牧,牛奶"
2205,船帆石,"墾丁景點,海蝕,地形,海邊"
2206,龍鑾潭,墾丁景點
2207,後壁湖,"海鮮,潛水艇,漁港"
2208,貓鼻頭公園,"墾丁景點,海蝕地形,自然公園"
2209,山海漁村,"海港,漁港,山海村"
2210,萬里桐,墾丁
2211,墾丁海水浴場(大灣),"墾丁,玩水,海邊,沙灘"
2212,紅柴坑,"墾丁,國家公園,墾丁遊客中心"
2213,關山夕照,"墾丁,關山,日落"
2214,根源自然生態休閒農場,"墾丁,生態農場"
2215,出火特別景觀區,"墾丁,天然氣,自然景觀"
2216,恆春古城,"恆春,思想起,城門"
2217,恆春老街,"恆春,小吃,古蹟"
2218,阿嘉的家,"海角七號,恆春"
2219,恆春民謠館,"思想起,恆春民謠"
2220,內文部落,"內文村,筆筒樹"
2221,壽峠林道,"自行車道,屏東199縣道"
2222,東源森林遊樂區,"東源湖,哭泣湖,牡丹鄉森林遊樂區,野薑花田"
2223,哭泣湖畔自然生態園區,"哭泣湖,石頭屋,牡丹濕地,生態,野薑花田"
2224,牡丹公園,"牡丹鄉,牡丹池山"
2225,佳德谷原住民植物生活教育園區,"有機香草,排灣族,佳德谷"
2226,牡丹水庫,"牡丹鄉,水庫"
2227,旭海溫泉,"墾丁景點,大草原,旭海,溫泉"
2228,旭海草原,"墾丁景點,大草原,旭海,溫泉"
2229,滿州里德花海,"里德橋,花海,滿州鄉"
2230,滿州里德,"滿州鄉,里德橋,賞鷹"
2231,門馬羅山,"滿州鄉,門馬羅山,吉普車"
2232,港口情人橋,"滿州鄉景點,佳樂水,港口吊橋"
2233,佳樂水風景區,"墾丁景點,海蝕地形,佳樂水"
2234,勝利新村-將軍之屋,"屏東眷村,日式建築,古蹟"
2235,阿緱地方文化館,"屏東文化館,阿猴"
2236,千禧公園,屏東文化局
2237,南大武山,"南大武山,泰武鄉"
2238,北大武山,"百岳,北大武山"
2239,阿郎壹古道,"古道,臺東,屏東"
2240,都城隍廟,null
2241,東山禪寺,null
2242,聖十字架教堂,null
2243,北玄宮,null
2244,天龍吊橋,null
2245,天龍古道,null
2246,向陽國家森林遊樂區,null
2247,利稻部落,null
2248,埡口,null
2249,摩天嶺,null
2250,霧鹿古砲台,null
2251,新武呂溪保護區,null
2252,布農族文物館,null
2253,轆轆溫泉,null
2254,栗松溫泉,null
2255,碧山溫泉,null
2256,初來抗日紀念碑,null
2257,逢坂抗日紀念碑,null
2258,嘉明湖,null
2259,新武路峽,null
2260,六口溫泉,null
2261,布農部落文化園區,null
2262,紅葉少棒紀念館,null
2263,卑南上圳,null
2264,蝴蝶谷,null
2265,撒布優部落,null
2266,土坂排灣族文藝社區,null
2267,南田海岸親水公園,null
2268,浸水營國家步道,null
2269,大武臺灣油杉保護區,null
2270,大坡池,null
2271,台糖牧野渡假村,null
2272,杜園,null
2273,臺東農場,null
2274,稻米原鄉館,null
2275,保安宮,null
2276,萬安禾鴨生態池,null
2277,池上浮圳,null
2278,三號運動公園,null
2279,關山天后宮,null
2280,關山親水公園,null
2281,關山舊火車站,null
2282,關山大圳,null
2283,鹿野高台觀光茶園,null
2284,鹿鳴吊橋,null
2285,鹿野高台飛行傘區,null
2286,龍田村,null
2287,武陵綠色隧道,null
2288,新良人工濕地,null
2289,龍田慈濟苦楝樹,null
2290,馬背調整池水利公園,null
2291,永安玉龍泉步道,null
2292,小黃山,null
2293,臺東原生應用植物園,null
2294,白玉瀑布,null
2295,知本圳親水公園,null
2296,利吉惡地,null
2297,知本森林遊樂區,null
2298,知本溫泉,null
2299,初鹿牧場,null
2300,清覺寺,null
2301,知本福靈宮,null
2302,達魯瑪克部落,null
2303,利嘉林道,null
2304,四格山,null
2305,綠色隧道,null
2306,賓朗(檳榔)舊火車站,null
2307,加路蘭遊憩區,null
2308,小野柳,null
2309,天后宮,null
2310,臺東觀光夜市,null
2311,卑南遺址公園,null
2312,卑南王家三合院,null
2313,海山寺,null
2314,國際地標(海濱公園),null
2315,富岡漁港,null
2316,鯉魚山公園,null
2317,臺東美術館,null
2318,臺東縣旅遊服務中心,null
2319,臺東鐵道藝術村,null
2320,臺東舊鐵道路廊,null
2321,臺東故事館,null
2322,卑南大圳水利公園,null
2323,水往上流奇觀,null
2324,東河休閒農場,null
2325,東河橋風景區,null
2326,金樽遊憩區,null
2327,泰源幽谷,null
2328,都蘭遺址,null
2329,登仙橋遊憩區,null
2330,都蘭山登山步道,null
2331,加母子灣,null
2332,新東糖廠文化園區,null
2333,月光小棧,null
2334,三仙台風景區,null
2335,臺東縣自然史教育館,null
2336,石雨傘,null
2337,成功漁港,null
2338,東部海岸國家風景區管理處,null
2339,阿美族民俗中心,null
2340,新港(彩虹)瀑布,null
2341,白守蓮海濱公園,null
2342,山地人祖先發祥地碑,null
2343,金針山休閒農業區,null
2344,金崙溫泉風景區,null
2345,千禧曙光紀念園區,null
2346,三和海濱公園,null
2347,大武漁港,null
2348,金龍湖,null
2349,大武國家森林步道,null
2350,山豬窟休閒農場,null
2351,八仙洞,null
2352,烏石鼻,null
2353,忠勇遺址,null
2354,玉長公路,null
2355,舊樟原橋遊憩區,null
2356,臺東航空站,null
2357,人權紀念公園,null
2358,大白沙,null
2359,海參坪,null
2360,牛頭山,null
2361,石朗潛水區,null
2362,帆船鼻,null
2363,南寮漁港,null
2364,柚子湖,null
2365,馬蹄橋,null
2366,將軍岩,null
2367,綠島朝日溫泉,null
2368,紫坪,null
2369,綠島遊客中心,null
2370,綠島監獄,null
2371,綠島燈塔,null
2372,樓門岩,null
2373,露營區,null
2374,觀音洞,null
2375,過山步道,null
2376,過山古道,null
2377,梅花鹿園區,null
2378,紅頭岩,null
2379,八代灣,null
2380,五孔洞,null
2381,玉女岩,null
2382,軍艦岩,null
2383,野銀舊部落,null
2384,朗島村雅美族穴居屋,null
2385,情人洞,null
2386,開元港,null
2387,龍頭岩,null
2388,雙獅岩,null
2389,饅頭岩,null
2390,蘭嶼燈塔,null
2391,青青草原,null
2392,大天池,null
2393,蘭嶼氣象站,null
2394,金樽漁港,null
2395,男人石,null
2396,成廣澳文化地景(廣恆發遺跡),null
2397,成廣澳天后宮,null
2398,樟原長老教會,null
2399,石門長濱自行車道,null
2400,多良火車站,null
2401,伯朗大道,null
2402,瑪洛阿瀧部落,null
2403,基翬漁港,null
2404,鹿野高台熱氣球區,null
2405,玉髓沙灘,null
2406,中正路飯包路,null
2407,臺東森林公園,null
2408,忠勇社區自行車道,null
2409,比西里岸(白守蓮部落),null
2410,寧城宮,null
2411,金色豐收館,null
2412,關山米國學校,null
2413,關山警史館,null
2414,霧鹿峽谷,null
2415,卡地布文化園區,null
2416,知本天主堂,null
2417,馬蘭車站,null
2418,臺東車站,null
2419,建和社區(射馬干部落),null
2420,臺東環市自行車道(山海鐵馬道),null
2421,知本林道,null
2422,千年夫妻樹,null
2423,樂山休閒農場,null
2424,鹿野龍田自行車道,null
2425,崑慈堂,null
2426,清河堂休閒農業區,null
2427,柴口浮潛區,null
2428,綠洲山莊,null
2429,富源觀景台,null
2430,臺東表演藝術館,null
2431,寶町藝文中心,null
2432,麻荖漏步道,null
2433,萬安磚窯廠,null
2434,池上飯包博物館,null
2435,中寮漁港,null
2436,VuVu野菜農園,null
2437,公東高工聖堂大樓,null
2438,客家文化園區,null
2439,​池上環圳自行車道,null
2440,知本忠義堂,null
2441,泰安部落／大巴六九部落,null
2442,下賓朗部落,null
2443,南王部落,null
2444,石山部落,null
2445,霧鹿部落,null
2446,大坡部落,null
2447,電光部落,null
2448,鸞山部落(森林博物館),null
2449,永昌部落,null
2450,巴喜告部落(桃源部落),null
2451,紅葉部落,null
2452,初鹿部落,null
2453,新化部落,null
2454,利吉部落,null
2455,樟原部落,null
2456,真柄部落,null
2457,宜灣部落,null
2458,都蘭部落,null
2459,莿桐部落,null
2460,瀧部落,null
2461,巴沙哇力部落,null
2462,南田部落,null
2463,土坂部落,null
2464,森永部落,null
2465,拉勞蘭部落,null
2466,大武濱海公園,null
2467,宜灣卡片教堂,null
2468,南竹湖部落,null
2469,都歷部落,null
2470,嘉蘭部落,null
2471,天際航空──飛行啟蒙基地(飛行學校),null
2472,鐵花新聚落,null
2473,山里火車站,null
2474,太平溪人工濕地,null
2475,華源海灣,null
2476,大武彩虹街,null
2477,矯正藝文展示館,null
2478,睡美人岩,null
2479,哈巴狗岩,null
2480,烏油窟,null
2481,臺東糖廠,null
2482,臺東轉運站,null
2483,鹿野神社,null
2484,阿底旦文化故事館,null
2485,大原花布燈籠生活文化館,null
2486,蘭嶼飛魚文化館,null
2487,成功故事館,null
2488,成功海洋文化生活圈,null
2489,萬安社區有機美學文化生活圈,null
2490,仙人掌鄉土工作室樂活鹿野心故鄉,null
2491,臺東縣立體育場,null
2492,國立臺東生活美學館,null
2493,大峰峰火山頸,null
2494,長光遺址,null
2495,池上客家產業交流中心,null
2496,遠雄海洋公園,null
2497,磯崎海濱休憩區,null
2498,蕃薯寮,null
2499,和南寺,null
2500,月洞遊憩區,null
2501,芭崎眺望台,null
2502,池南國家森林遊樂區,null
2503,松園別館,null
2504,佐倉步道,null
2505,楓林步道,null
2506,初英親水生態公園,null
2507,知卡宣森林公園,null
2508,吉安慶修院,null
2509,蓮城蓮花園,null
2510,赤柯山,null
2511,明利飛行傘起飛場,null
2512,鐵份瀑布,null
2513,國立東華大學,null
2514,新城天主堂,null
2515,慈濟靜思精舍,null
2516,米棧古道,null
2517,鯉魚潭,null
2518,荖溪、白鮑溪親水園區,null
2519,玉里協天宮,null
2520,豐田移民村﹙菸樓﹚,null
2521,六十石山,null
2522,鳳林校長夢工廠,null
2523,七星潭風景區,null
2524,鳳林客家文物館,null
2525,花蓮觀光酒廠,null
2526,安通溫泉,null
2527,林田山文化園區,null
2528,向日廣場,null
2529,瓦拉米步道,null
2530,美崙山公園,null
2531,小天祥,null
2532,北濱公園,null
2533,崙天遊憩區,null
2534,大農大富平地森林園區,null
2535,花蓮觀光糖廠,null
2536,馬太鞍濕地生態園區,null
2537,太巴塱部落,null
2538,和仁海灘,null
2539,大禹嶺,null
2540,關原雲海,null
2541,新白楊服務站,null
2542,西寶國小,null
2543,七星柴魚博物館,null
2544,花蓮縣石雕博物館,null
2545,石藝大街,null
2546,花蓮創意文化園區,null
2547,南濱公園,null
2548,慈濟文化園區(靜思堂),null
2549,錐麓古道,null
2550,布洛灣遊憩區,null
2551,綠水合流,null
2552,蓮花池,null
2553,梅園竹村步道,null
2554,布拉旦風景區(三棧),null
2555,慕谷慕魚,null
2556,白楊步道(水簾洞),null
2557,鐵道文化園區,null
2558,舊鐵道文化商圈,null
2559,南安瀑布,null
2560,玉山國家公園管理處,null
2561,七星潭自行車道,null
2562,東海岸遊客服務中心,null
2563,富源森林遊樂區,null
2564,鶴岡文旦觀光果園,null
2565,虎頭山步道,null
2566,瑞穗溫泉,null
2567,紅葉溫泉,null
2568,瑞穗牧場,null
2569,青蓮寺,null
2570,秀姑巒溪泛舟中心,null
2571,奇美原住民文物館,null
2572,掃叭石柱,null
2573,北回歸線地標,null
2574,舞鶴觀光茶園,null
2575,月眉山步道,null
2576,豐田碧蓮寺(中山公園),null
2577,富興步道,null
2578,富源步道,null
2579,安通越嶺道西段步道,null
2580,八通關越道鹿鳴吊橋步道,null
2581,台肥海洋深層水園區,null
2582,香又香便當調查局,null
2583,東大門國際觀光夜市,null
2584,太平洋公園,null
2585,豐濱天空步道,null
2586,跨海大橋,跨海大橋
2587,天台山,"仙跡岩,天台山"
2588,澎湖水族館(暫停營業),null
2589,林投公園,林投公園
2590,菓葉日出,"菓葉,菓葉觀日亭,菓葉觀日樓,菓葉日出"
2591,通樑古榕,"通樑古榕,通樑老榕樹,保安宮"
2592,西嶼西臺(西臺古堡),"西台古堡,西嶼西台,西嶼西臺"
2593,東臺古堡,"東臺古堡,西嶼東臺"
2594,澎澎灘(活龍灘),"活龍灘,澎澎灘"
2595,四眼井,"四眼井,中央街,藥膳蛋"
2596,施公祠及萬軍井,"施公祠,萬軍井,中央街"
2597,蛇頭山遊憩區,"蛇頭山,風櫃蛇頭山,蛇頭山遊憩區"
2598,澎湖開拓館,澎湖開拓館
2599,菊島之星(漁人碼頭),"菊島之星,漁人碼頭"
2600,蔡廷蘭進士第,null
2601,裡正角日軍上陸紀念碑,"龍門,紀念碑,日軍登陸,裡正角日軍登陸紀念碑"
2602,林投日軍上陸紀念碑,"林投,林投公園,林投日軍上陸紀念碑,紀念碑"
2603,牛心山(牛心灣),"牛心灣,牛心山,魔鬼山"
2604,中屯風車,"中屯,風車,風車公園,風力發電"
2605,內垵塔公塔婆,null
2606,赤崁親水公園,null
2607,岐頭親水公園,"岐頭,岐頭碼頭,親水公園,東海"
2608,花嶼、花嶼燈塔,null
2609,綠蠵龜觀光保育中心,"綠蠵龜,綠蠵龜館,烏龜館"
2610,七美大獅風景區,"七美大獅風景區,大獅,龍埕"
2611,七美嶼燈塔,null
2612,二崁陳家古厝,null
2613,竹灣螃蟹博物館,"竹灣,螃蟹博物館"
2614,篤行十村眷村文化保存園區,篤行十村眷村文化保存園區資訊服務站
2615,澎湖海洋地質公園中心,null
2616,大嶼常民生活文物館,null
2617,澎湖海洋資源館,海洋資源館
2618,蓮花座,null
2619,中央老街,"馬公老街,澎湖老街,馬公第一街,中央街,中央街聚落保存區,中央老街"
2620,二崁聚落保存區,"二崁聚落,二崁古厝,陳家古厝,二崁傳香,二崁褒歌,二崁聚落保存區"
2621,吉貝石滬文化館,"吉貝,石滬,文化館"
2622,吉貝沙嘴,"吉貝,沙尾,沙嘴"
2623,二崁草原,"二崁聚落,二崁古厝,二崁草原"
2624,虎井西山公園,"虎井,西山公園"
2625,桶盤嶼,"桶盤,柱狀玄武岩,蓮花座,貓公石"
2626,七美南嶼城,"陳家古堡,玄武岩,南嶼城,七美南嶼城"
2627,池西岩瀑,"九孔瀑布,池西岩瀑,池西玄武岩"
2628,西台餌砲(外垵餌砲),"外垵餌砲,西嶼餌砲,西埔假砲,假砲"
2629,夢幻沙灘,"小池水庫,小池角水庫,夢幻沙灘小池水庫,網垵沙灘,小池角沙灘"
2630,望安曾家古厝,"花宅,曾家,古厝,三合院"
2631,西嶼大義宮,null
2632,赤馬沙灘,"赤馬村,赤馬沙灘,陽光正藍,海鷗飛處彩雲飛"
2633,奎壁山地質公園(摩西分海),"奎壁山,摩西分海,奎壁山日出"
2634,北海遊客服務中心,"北海,遊客服務中心"
2635,後灣沙灘,"龍門沙灘,後灣沙灘,龍門後灣沙灘"
2636,赤崁仙人掌公園,"赤崁,仙人掌公園,北海遊客中心"
2637,白坑沙灘,白坑沙灘
2638,青螺濕地,"青螺景點,青螺濕地,青螺沙嘴,濕地"
2639,湖西紅羅磚窯廠,"湖西景點,紅羅磚窯廠,窯燒,磚窯廠"
2640,南寮社區,"南寮村,南寮古厝群"
2641,彩繪油桶(漁人碼頭),"第二漁港,彩繪油桶"
2642,澎湖縣文化園區,文化園區
2643,馬公水仙宮(臺廈郊會館),"馬公水仙宮,水仙宮"
2644,澎湖郵便局,馬公老郵局
2645,高雄關稅局馬公支關,馬公稅關派出所
2646,張雨生故事館,"張雨生老家,張雨生,張雨生故事館"
2647,澎湖孔廟(文石書院),文石書院
2648,西瀛虹橋,"西瀛虹橋,觀音亭,花火節,海上花火節"
2649,雙湖園,"雙湖園,菜園,興仁水庫,濕地"
2650,青灣玄武岩,青灣玄武岩
2651,觀星公園,"觀星公園,山水觀星公園,山水沙灘,山水漁港"
2652,興仁水庫,"興仁水庫,濕地,雙湖園"
2653,北辰市場,北辰市場
2654,澎湖縣水產種苗繁殖場,null
2655,溫王宮,null
2656,馬公東甲北極殿(啟明),null
2657,媽宮城隍廟,null
2658,觀音亭,null
2659,景福祠,null
2660,馬公北甲北辰宮,null
2661,澎湖紫微宮,null
2662,祖師爺廟,null
2663,宸威殿,null
2664,菜園濕地,null
2665,七美島,null
2666,大倉嶼,null
2667,山水濕地公園,null
2668,白沙嶼,null
2669,西吉嶼,null
2670,東吉嶼,null
2671,東嶼坪,null
2672,員貝嶼,null
2673,將軍嶼,null
2674,澎湖警察文物館,null
2675,雞善嶼,null
2676,鐵砧嶼,null
2677,外垵村、外垵漁港,null
2678,三石壁,null
2679,小池角石雕園區,null
2680,永成古厝,null
2681,菓葉灰窯,null
2682,沙港古厝群,null
2683,鎮海洋樓,null
2684,瓦硐張百萬故居,null
2685,七美－下巷,null
2686,七美－白馬公園,null
2687,七美水庫,null
2688,二沙灣砲台(海門天險),海門天險
2689,中正公園,中正公園
2690,牛仔街,牛仔街
2691,主普壇(中元祭祀文物館),主普壇
2692,仙洞巌,仙洞
2693,情人湖濱海大道(外木山濱海大道),外木山
2694,白米甕砲台(荷蘭城),白米甕
2695,老大公廟,老大公
2696,佛手洞,佛手洞
2697,官道百年福德宮,官道百年福德宮
2698,尚農農園,尚農農園
2699,社寮東砲台,社寮東砲台
2700,金明昌休閒農場,金明昌鹿場
2701,基隆市史蹟館,基隆市史蹟館
2702,基隆海洋廣場,海洋廣場
2703,基隆嶼,基隆嶼
2704,暖東苗圃,暖東苗圃
2705,暖東峽谷,暖東峽谷
2706,暖暖親水公園,暖暖親水公園
2707,獅球嶺砲台,獅球嶺
2708,槓子寮砲台,槓子寮
2709,劉銘傳隧道,劉銘傳隧道
2710,毅太衛廚觀光工廠,一太e衛浴觀光工廠
2711,七堵廟口市場美食圈,七堵廟口市場美食圈
2712,七堵火車站鐵道公園,七堵鐵道公園
2713,八斗子公園,八斗子
2714,八斗子新豐街飲食商圈,新豐街商圈
2715,十方大覺寺,十方大覺寺
2716,大牛稠山河居,大牛稠山河居
2717,大佛禪院,大佛禪院
2718,大武崙黃昏市場(大武崙商圈),大武崙黃昏市場
2719,中法戰役陣亡戰士紀念碑,中法戰役陣亡戰士紀念碑
2720,仁壽里無菸一條街,仁壽里無菸一條街
2721,元璋玻璃科技館,元璋玻璃科技館
2722,六堵代天府,六堵代天府
2723,六堵險圳步道,六堵險圳
2724,月眉山靈泉禪寺,靈泉禪寺
2725,北白川宮能久親王紀念碑,北白川宮能久親王紀念碑
2726,正濱漁港(懷舊碼頭),懷舊碼頭
2727,永嘉景觀步道(紅龍山),永嘉景觀步道
2728,百福運動公園(百福水漾樂活會館),百福水漾樂活會館
2729,佛光山極樂寺,極樂寺
2730,役政公園,役政公園
2731,和平島天后宮,和平島天后宮
2732,和平島公園,和平島
2733,和平島天顯宮,天顯宮
2734,和平島觀光魚市大街,和平島觀光魚市
2735,花瓶嶼,花瓶嶼
2736,芳裕農場,芳裕農場
2737,虎仔山步道,虎仔山
2738,金龍湖,國家新城金龍湖
2739,城隍廟,基隆城隍廟
2740,紅淡山步道,紅淡山
2741,苓蘭生態農園,苓蘭休閒農場
2742,崁仔頂商圈,崁仔頂
2743,泰安市民農園,泰安市民農場
2744,泰安瀑布,泰安瀑布
2745,國立海洋科技博物館,海科館
2746,茶花園,七堵茶花園
2747,基隆市原住民文化會館,基隆市原住民文化會館
2748,基隆市議會,基隆市議會
2749,基隆故事館,基隆故事館
2750,基隆港,基隆港
2751,情人湖公園,情人湖
2752,添財休閒農場,添財休閒農場
2753,清法戰爭紀念園區,清法戰爭紀念園區
2754,盛德農莊,盛德農莊
2755,富民親水公園,富民親水公園
2756,彭佳嶼,彭佳嶼
2757,復興路海產小吃,復興路海產小吃
2758,棉花嶼,棉花嶼
2759,陽明海洋文化藝術館,陽明海洋文化藝術館
2760,愛六路形象商圈,愛六路形象商圈
2761,暖暖水源農場,暖暖水源農場
2762,暖暖安德宮,暖暖安德宮
2763,暖暖運動公園,暖暖運動公園
2764,暖暖雙生土地公廟,暖暖雙生土地公廟
2765,獅球嶺平安宮,獅球嶺平安宮
2766,義二路形象商圈,義二路
2767,碧砂漁港,碧砂漁港
2768,慶安宮,基隆慶安宮
2769,潮境公園,潮境公園
2770,築港殉職者紀念碑,築港殉職者紀念碑
2771,龍崗步道,龍崗步道
2772,龍順觀光果園,龍順觀光果園
2773,水產試驗所(水產陳列館),水產試驗所
2774,荖寮坑礦業生態園區,null
2775,新竹州廳(新竹市政府),null
2776,新竹火車站－站前廣場,null
2777,新竹孔廟,null
2778,新竹護城河親水公園,null
2779,竹塹城迎曦門(東門城迎曦門),null
2780,新竹都城隍廟,null
2781,竹蓮寺,null
2782,金山寺﹝開臺金山寺﹞,null
2783,國立清華大學,null
2784,國立交通大學,null
2785,國立新竹教育大學,null
2786,中華大學,null
2787,玄奘大學,null
2788,元培科技大學,null
2789,新竹港南濱海風景區,null
2790,十七公里海岸風景區,null
2791,南寮漁港(南寮舊港),null
2792,麗池九曲橋,null
2793,青草湖,null
2794,十八尖山,null
2795,高峰植物園,null
2796,玻璃工藝博物館,null
2797,影像博物館,null
2798,古奇峰文物館,null
2799,消防博物館,null
2800,鄭氏家廟,null
2801,進士第,null
2802,新竹信用組合,null
2803,張氏節孝坊,null
2804,蘇氏節孝坊,null
2805,新竹州市役所(新竹市美術館暨開拓館),null
2806,新竹關帝廟,null
2807,楊氏節孝坊,null
2808,新竹州圖書館,null
2809,新竹專賣局,null
2810,辛志平校長故居,null
2811,國立新竹高中劍道館,null
2812,鄭用錫墓,null
2813,李錫金孝子坊,null
2814,新竹神社殘跡(大陸人民處理中心),null
2815,香山火車站,null
2816,新竹市立動物園,null
2817,新竹漁港,null
2818,十七公里海岸風景區旅遊服務中心,null
2819,看海公園,null
2820,海天一線看海區,null
2821,紅樹林公園,null
2822,風情海岸,null
2823,海山漁港觀海台,null
2824,南港賞鳥區,null
2825,變葉木步道,null
2826,桂花巷,null
2827,幸福亭,null
2828,觀音亭,null
2829,國父百年紀念亭,null
2830,動力基準站,null
2831,十九公頃青青草原,null
2832,情草原(第一草原),null
2833,公草原(第二草原),null
2834,九草原(第三草原),null
2835,十草原(櫻花草原),null
2836,水水公園,null
2837,鳳凰橋,null
2838,映月橋,null
2839,生態教育平台,null
2840,于飛島(鳥島),null
2841,北岸咖啡區,null
2842,青草湖靈隱寺,null
2843,青草湖風景紀念碑,null
2844,天公壇公園吊橋,null
2845,飛機模型陳列館,null
2846,進益摃丸文化會館,null
2847,眷村博物館,null
2848,風城願景館,null
2849,金城湖賞鳥區,null
2850,香山溼地,null
2851,科技生活館,null
2852,北門大街,null
2853,清大夜市,null
2854,新竹公園(中山公園),null
2855,金城湖,null
2856,古奇峰,null
2857,海山漁港,null
2858,香山牧場,null
2859,空軍村11村,null
2860,軍輝橋,null
2861,蘭潭風景區,null
2862,百年嘉義公園,null
2863,香湖公園,null
2864,頂庄社區,null
2865,舊金山總督溫泉,null
2866,巨龍山莊,null
2867,國際岩湯,null
2868,奇峰石溫泉山莊,null
2869,香草花源溫泉養生館,null
2870,伊豆商店,null
2871,永和樂華夜市,null
2872,樹林夜市,null
2873,新莊廟街夜市,null
2874,蘆洲廟口夜市(形象商圈),null
2875,輔大花園觀光夜市,null
2876,黃石公有零售市場,null
2877,鶯歌南雅路夜市,null
2878,新北市立十三行博物館,null
2879,凌雲禪寺,null
2880,三芝遊客中心及名人文物館,null
2881,十分瀑布公園,null
2882,碧潭風景區,null
2883,大板根森林遊樂區,null
2884,新北市立鶯歌陶瓷博物館,null
2885,三峽歷史文物館,null
2886,新北市立黃金博物館,null
2887,新北市坪林茶業博物館,null
2888,三峽清水祖師廟,null
2889,承天禪寺,null
2890,石門洞,null
2891,烘爐地南山福德宮,null
2892,石碇老街,null
2893,淺水灣海濱公園,null
2894,新店捷運站旅遊服務中心,null
2895,板橋火車站旅遊服務中心,null
2896,瑞芳火車站旅遊服務中心,null
2897,龍洞灣海洋公園(龍洞灣),null
2898,鹽寮海濱公園(藍灣海濱休憩園區),null
2899,滿月圓國家森林遊樂區,null
2900,野柳海洋世界,null
2901,雲仙樂園,null
2902,紅樹林自然保留區,null
2903,淡水老街,null
2904,淡水漁人碼頭,null
2905,三峽老街,null
2906,烏來溫泉,null
2907,朱銘美術館,null
2908,烏來泰雅民族博物館,null
2909,世界宗教博物館,null
2910,十八王公廟,null
2911,紅毛城園區(新北市立淡水古蹟博物館),null
2912,林本源園邸,null
2913,法鼓山,null
2914,理學堂大書院,null
2915,鄞山寺,null
2916,八里風帆碼頭,null
2917,福隆海水浴場,null
2918,文昌祠,null
2919,新莊廣福宮,null
2920,新莊慈祐宮,null
2921,武聖廟,null
2922,新莊福德祠,null
2923,新莊保元宮,null
2924,新莊廟街商圈,null
2925,响仁和鐘鼓廠,null
2926,萬里瑪鍊文化館,null
2927,音樂公園,null
2928,板橋湳雅觀光夜市,null
2929,接雲寺,null
2930,大觀書社,null
2931,板橋農村公園,null
2932,枋橋建學碑,null
2933,板橋石雕公園,null
2934,新北市藝文中心,null
2935,瑪鋉漁港,null
2936,板橋後站商圈(府中商圈),null
2937,東澳漁港,null
2938,板橋435藝文特區,null
2939,野柳漁港,null
2940,風箏坪,null
2941,板橋慈惠宮,null
2942,野柳地質公園,null
2943,萬里漁村生活館,null
2944,湳仔溝自行車道,null
2945,死囝仔窟,null
2946,野柳燈塔,null
2947,林添禎銅像,null
2948,鄒家一條龍,null
2949,浮洲藝術河濱公園,null
2950,靈泉寺,null
2951,雙興百香果園,null
2952,風櫃嘴觀景台,null
2953,天祥寶塔禪寺,null
2954,江子翠河口景觀河濱公園,null
2955,國聖仁和宮,null
2956,新北市立板橋體育場,null
2957,板橋第二運動場,null
2958,金山慈護宮,null
2959,芑豐居(李芑豐古宅),null
2960,筠園-鄧麗君墓園,null
2961,山佳河濱公園,null
2962,金山青年活動中心,null
2963,新北市軍人忠靈祠(武器公園),null
2964,金山威靈宮,null
2965,金山舊機場遺跡紀念碑,null
2966,後村圳紀念碑,null
2967,金包里大路(魚路古道),null
2968,樹林抗日先烈十三公紀念墓園,null
2969,豐林礦坑遺址,null
2970,蓋淡坑遺址,null
2971,備內昭和礦坑,null
2972,柑園里─林家古厝,null
2973,東園里─鄭家古厝,null
2974,石門峽,null
2975,秀峰瀑布,null
2976,北園里─陳家古厝,null
2977,濟安宮,null
2978,姜子頭展望臺,null
2979,樹林區鎮南宮,null
2980,樹林南寮福德宮,null
2981,茄苳瀑布,null
2982,鹿窟事件紀念公園,null
2983,樹林樹德宮,null
2984,新山,null
2985,大同山地母廟,null
2986,樹林海明寺,null
2987,青龍嶺,null
2988,鹿角溪人工溼地,null
2989,鹿角溪公園,null
2990,樹林客家藝文館,null
2991,樹林車站,null
2992,山仔腳公園,null
2993,碧龍宮,null
2994,宏德宮,null
2995,烘爐窯,null
2996,鶯歌窯陶瓷廣場－良之燒,null
2997,二坑隧道,null
2998,三聖宮,null
2999,天秀宮,null
3000,溝仔墘老街牌樓,null
3001,金龍山北峰寺,null
3002,下泰山巖,null
3003,許厝,null
3004,白雲寺,null
3005,翡翠水庫環境學習中心,null
3006,拱北殿,null
3007,秀峰山靜修禪院,null
3008,敢部隊指揮部碉堡遺址(文史影像公園),null
3009,辭修公園,null
3010,頂泰山巖,null
3011,明志書院,null
3012,新山農場,null
3013,大尖山風景區,null
3014,汐止金龍湖環湖步道,null
3015,慈航紀念堂,null
3016,烏來活力村,null
3017,烏來紅河谷,null
3018,永安居,null
3019,竹林山觀音寺,null
3020,褔安居,null
3021,林口運動公園,null
3022,鎮南宮,null
3023,天龍宮,null
3024,深坑橋碑,null
3025,忠魂碑,null
3026,土埆厝,null
3027,林口高爾夫球場,null
3028,阿柔坑溪,null
3029,深坑老街,null
3030,青山香草教育農園,null
3031,黃阿舍生態體驗農園,null
3032,炮子崙瀑布,null
3033,石碇西街,null
3034,五股濕地,null
3035,格頭雲瀑,null
3036,吊腳樓,null
3037,硬漢嶺,null
3038,石碇百年石頭屋,null
3039,寶纈禪寺,null
3040,皇帝殿登山步道,null
3041,五股智光禪寺,null
3042,石碇姑娘廟,null
3043,月老和合二仙殿,null
3044,石碇五路財神廟,null
3045,石碇天后宮,null
3046,石碇集順廟,null
3047,茶鄉桂花農園,null
3048,觀音山遊客中心,null
3049,台陽礦業事務所(瑞芳金鑛),null
3050,豎崎路,null
3051,燕子湖風景區,null
3052,五番坑,null
3053,頌德公園,null
3054,小金瓜露頭,null
3055,青雲殿,null
3056,霞海城隍廟,null
3057,翡翠水庫,null
3058,聖明宮,null
3059,九份明聖宮,null
3060,親情河濱公園,null
3061,福山宮,null
3062,文山農場,null
3063,開成殿(天公廟),null
3064,金山寺,null
3065,臺北國史館(新店館區),null
3066,琉榔路觀光步道,null
3067,基隆山,null
3068,勸濟堂,null
3069,無耳茶壺山步道,null
3070,新店老街,null
3071,九份老街,null
3072,李梅樹紀念館,null
3073,陰陽海,null
3074,瑞芳火車站,null
3075,瑞慈宮,null
3076,新北市客家文化園區,null
3077,龍巖宮祖師廟,null
3078,景明亭,null
3079,深澳漁港,null
3080,鳶山公園,null
3081,三峽金光明寺,null
3082,蝙蝠洞公園,null
3083,白雞行修宮,null
3084,蝙蝠洞,null
3085,三峽八安大橋,null
3086,南雅奇岩(南雅奇石),null
3087,鼻頭漁港,null
3088,鼻頭角燈塔,null
3089,四腳亭砲台,null
3090,吉安宮,null
3091,皇后鎮森林,null
3092,昇平戲院,null
3093,水湳洞,null
3094,台灣農林熊空茶園,null
3095,桐花公園,null
3096,平溪老街,null
3097,滴水觀音(靈巖寺),null
3098,觀音巖,null
3099,觀音巖警報鐘亭,null
3100,孝子山步道,null
3101,十分老街,null
3102,平溪車站,null
3103,靜安吊橋,null
3104,眼鏡洞瀑布,null
3105,菁桐車站,null
3106,菁桐老街,null
3107,菁桐礦業生活館,null
3108,選洗煤場(碳場咖啡),null
3109,薯榔尖步道,null
3110,紫東社區(平溪區農會東勢生態教育會館),null
3111,大華壺穴,null
3112,菁桐一坑口聚落,null
3113,三忠廟,null
3114,連舉人古厝,null
3115,丁蘭谷,null
3116,虎豹潭,null
3117,(八里)大眾廟,null
3118,國定十三行遺址,null
3119,十三行博物館考古文化村,null
3120,開臺天后宮,null
3121,(八里)廖添丁廟(漢民祠),null
3122,西龍巖寺,null
3123,小白宮(新北市立淡水古蹟博物館),null
3124,緣道觀音廟,null
3125,二叭子植物園,null
3126,蝙蝠山,null
3127,后番子坑溪生態園區,null
3128,南天花苑,null
3129,軟橋段親水公園,null
3130,聖南寺,null
3131,茶花莊,null
3132,雙溪打鐵舖,null
3133,雙溪區自行車道,null
3134,平林休閒農場,null
3135,新店廣興有機市民農園,null
3136,不厭亭,null
3137,臺大安康農場,null
3138,獅仔頭山,null
3139,海藏寺,null
3140,廣明寺,null
3141,碧潭吊橋,null
3142,大香山慈音巖,null
3143,直潭淨水廠、攔水壩,null
3144,草茅地母廟,null
3145,太平宮,null
3146,花園新城,null
3147,潤濟宮,null
3148,日興宮,null
3149,慈玄寺,null
3150,虎字碑,null
3151,鹽寮抗日紀念碑,null
3152,濛濛湖,null
3153,雄鎮蠻煙碑,null
3154,南嶽(聖侯)宮,null
3155,安福宮,null
3156,張家古厝,null
3157,八里國小「御大禮記念樹」石碑,null
3158,八里左岸公園,null
3159,左岸八里碼頭,null
3160,左岸劇場,null
3161,永續環境教育中心,null
3162,觀海長堤,null
3163,松子腳砲臺遺址,null
3164,龍源農場,null
3165,(牛寮埔)石頭公農園,null
3166,雷朗極限探索(園區),null
3167,馬崗漁港,null
3168,卯澳漁港,null
3169,卯澳石頭古厝建築,null
3170,馬崗潮間帶,null
3171,西靈巖寺,null
3172,澳底仁和宮,null
3173,天佛禪寺,null
3174,協德宮,null
3175,保坪宮,null
3176,坪林生態園區,null
3177,觀音臺,null
3178,坪林親水吊橋,null
3179,坪林尾橋,null
3180,坪林老街,null
3181,虎寮潭吊橋,null
3182,虎寮潭,null
3183,粗坑口登山步道,null
3184,南山寺,null
3185,獅公髻尾山,null
3186,粗石斛吊橋,null
3187,虎寮潭渡假休閒山莊,null
3188,保福宮,null
3189,中興街(韓國街),null
3190,綠寶石河濱公園,null
3191,永和仁愛公園,null
3192,圓通禪寺,null
3193,貢噶精舍,null
3194,南山放生寺,null
3195,金山禪寺,null
3196,白馬寺,null
3197,中和總持寺,null
3198,南山觀音寺,null
3199,中和觀音禪院,null
3200,中和紫竹寺,null
3201,中和廣濟宮,null
3202,中和福和宮,null
3203,中和霹靂宮,null
3204,中和竟南宮,null
3205,中和樂天宮,null
3206,中和無極宮,null
3207,中和三介廟,null
3208,中和東德宮,null
3209,中和碧河宮,null
3210,力行福德宮,null
3211,海山宮,null
3212,中和保慶宮,null
3213,中興福德宮,null
3214,中和北聖宮,null
3215,中和慈安宮,null
3216,中和道行宮,null
3217,中和慈雲寺,null
3218,八二三紀念公園(中和公園),null
3219,復興公園,null
3220,民享公有零售市場,null
3221,華新街(緬甸街),null
3222,外南勢角山,null
3223,筆架山,null
3224,保和宮,null
3225,保佑宮,null
3226,九芎公廟(九芎廟),null
3227,文武大眾爺廟,null
3228,蘆洲清海宮,null
3229,蘆洲護天宮,null
3230,忠義廟,null
3231,蘆洲慈惠堂,null
3232,淡水河堤生態區,null
3233,成功國小農村文物展示中心,null
3234,林建生紀念圖書館,null
3235,紫禁城博物館,null
3236,二重環狀自行車道,null
3237,五股濕地教育中心(生態園區),null
3238,山佳車站,null
3239,新店獅仔頭山隘勇線,null
3240,海山神社殘蹟,null
3241,中和瑞穗配水池,null
3242,金瓜石神社(黃金神社),null
3243,新店臺北菸廠鍋爐間及煙囪,null
3244,八番坑,null
3245,翁山英故居(九份茶坊),null
3246,新店區屈尺道碣,null
3247,旗竿湖教育農場,null
3248,準園休閒農場,null
3249,疏洪生態公園,null
3250,旗竿湖,null
3251,反經石,null
3252,五股集福宮福德爺,null
3253,五股助順將軍廟,null
3254,五股龍鳳巖,null
3255,德林寺,null
3256,太璞宮,null
3257,重陽橋光雕,null
3258,義天宮,null
3259,三重林氏古厝(崇德居),null
3260,新北市立圖書館三重分館,null
3261,興榖國小鄉土文物館,null
3262,碧華寺,null
3263,碧華布街(三重布莊博物園區),null
3264,三和夜市,null
3265,萬善同,null
3266,大臺北都會公園(二重疏洪道河濱公園),null
3267,先嗇宮,null
3268,文山社,null
3269,親水廣場,null
3270,三重社教館,null
3271,義塚大墓公,null
3272,媽祖田,null
3273,土城第一市民農園,null
3274,土城第三市民農園,null
3275,土城廣承岩寺,null
3276,土城善息寺,null
3277,石門風力發電站(風車公園),null
3278,新十八王公廟,null
3279,牛角坑生態休閒農莊,null
3280,阿里磅生態農場,null
3281,三峽拱橋,null
3282,富基漁港,null
3283,石門婚紗廣場,null
3284,三峽興隆宮媽祖廟,null
3285,跳石海岸,null
3286,石門風箏公園,null
3287,老梅石槽,null
3288,老梅社區,null
3289,聖明宮千年雀榕,null
3290,石門金剛宮(四面佛)文物館,null
3291,石農茶館,null
3292,臺電核一廠(金山核能發電廠),null
3293,北海高爾夫球場,null
3294,草里漁港,null
3295,石門情人廟,null
3296,老梅大丘田,null
3297,佛光山石門北海道場,null
3298,滬尾礮臺(新北市立淡水古蹟博物館),null
3299,淡水龍山寺,null
3300,三芝三板橋,null
3301,圓山草堂,null
3302,後厝漁港,null
3303,淡水福佑宮,null
3304,馬偕墓園,null
3305,淡水禮拜堂,null
3306,福成宮媽祖廟,null
3307,滬尾馬偕醫館,null
3308,李天祿布袋戲文物館,null
3309,淡水文化園區-殼牌倉庫,null
3310,淡水海關碼頭園區,null
3311,淡水氣候觀測所,null
3312,關渡媽祖石,null
3313,公司田溪橋,null
3314,滬尾水道,null
3315,多田榮吉故居,null
3316,淡水崎仔頂施家古厝,null
3317,淡水日商中野宅,null
3318,程氏古厝,null
3319,淡水日本警官宿舍,null
3320,淡水八角樓,null
3321,淡江大學海事博物館,null
3322,淡水紅樓,null
3323,清水巖祖師廟,null
3324,忠寮李氏古厝,null
3325,新北市忠烈祠,null
3326,身聲演繹劇場,null
3327,淡水漁業生活文化影像館,null
3328,三協成糕餅博物館,null
3329,道生中國兵器博物館,null
3330,北新有機休閒農場,null
3331,興福寮花卉綜合農場,null
3332,幸福農莊(原大屯溪自然農法教育農莊),null
3333,紅樹林生態教育館,null
3334,橫山梯田,null
3335,富福頂山寺(貝殼廟),null
3336,智成忠義宮,null
3337,智成堂,null
3338,番婆林觀光花園,null
3339,興旺養蜂教育農園,null
3340,二號倉庫．文創,null
3341,水口民主公王廟,null
3342,八仙宮,null
3343,木屐寮農莊,null
3344,八連溪紅葉谷,null
3345,三芝共榮社區,null
3346,源興居,null
3347,谷垚陶坊生活藝術館,null
3348,綠竹園,null
3349,烏來妙心寺,null
3350,信賢瀑布,null
3351,五重溪瀑布,null
3352,泰雅巴萊部落村 (烏來生態農場),null
3353,桶後溪,null
3354,信賢吊橋,null
3355,直潭山登山步道,null
3356,青潭尖,null
3357,岐山巖,null
3358,長福巖,null
3359,磺窟城聚落,null
3360,戰俘營紀念碑,null
3361,新店渡船頭,null
3362,梅花湖(屈尺景觀公園),null
3363,小粗坑遺址,null
3364,東獅頭山,null
3365,廣興河濱公園,null
3366,龜山營地,null
3367,忠順廟,null
3368,待老坑山,null
3369,瓊仔湖公園步道,null
3370,泰山娃娃產業文化館,null
3371,林口婦幼公園,null
3372,三峽染工坊暨三峽藍染中心,null
3373,德興有機生態教育農場,null
3374,千戶傳奇生態農場,null
3375,蜜蜂世界,null
3376,簡單生活藍染工作室,null
3377,鴛鴦谷遊樂園,null
3378,臺華窯臺灣風華館,null
3379,西湖陶坊,null
3380,磺嘴山,null
3381,峰頭尖,null
3382,石筍尖步道,null
3383,山尖路步道,null
3384,穿屋巷,null
3385,燦光寮登山步道,null
3386,漁光里步道,null
3387,天上山系步道,null
3388,五城山,null
3389,石門內尖山,null
3390,五寮尖登山步道,null
3391,龍山岩石景浮雕,null
3392,黑松三姊妹,null
3393,湊合十八洞天,null
3394,湊合賞鳥區,null
3395,白雞山登山步道,null
3396,雞罩山,null
3397,鹿窟尖山(湊角山),null
3398,三峽紫微天后宮,null
3399,熊空溪樂樂谷,null
3400,雲森瀑布,null
3401,大同山登山步道,null
3402,八里左岸自行車道,null
3403,金色水岸自行車道,null
3404,烏來風景區,null
3405,黃金瀑布,null
3406,深坑集順廟,null
3407,新北市政府景觀瞭望台,null
3408,牧師樓,null
3409,芝柏藝術村,null
3410,滬尾砲臺公園,null
3411,馬偕租屋處,null
3412,八連溪休閒步道,null
3413,無極真元天壇(天元宮),null
3414,八里(渡船頭)老街,null
3415,烏來老街,null
3416,鶯歌老街,null
3417,菁桐鐵道故事館,null
3418,觀音巖旁八仙洞,null
3419,酋長文化歌舞劇場,null
3420,九份金礦博物館,null
3421,新店文史館,null
3422,富士坪古道,null
3423,鹿堀(窟)坪古道,null
3424,磺港漁港,null
3425,慈母峰步道,null
3426,插天山自然保留區,null
3427,坪林臺灣油杉自然保留區,null
3428,溪洲運動河濱公園,null
3429,重新橋觀光市集,null
3430,十分車站,null
3431,望古車站,null
3432,大華車站,null
3433,三貂嶺車站,null
3434,嶺腳車站,null
3435,遠光打鐵店,null
3436,復興木炭店,null
3437,金瓜寮茶香生態村,null
3438,大棟山,null
3439,布袋戲主題館,null
3440,屈尺水岸,null
3441,五指山風景區,null
3442,猴硐煤礦博物園區,null
3443,運煤橋,null
3444,瑞三礦業整煤廠,null
3445,猴硐一百階,null
3446,瑞三本礦口,null
3447,復興礦坑口,null
3448,猴硐坑,null
3449,工研益壽多文化館,null
3450,手信坊創意和菓子文化館,null
3451,許新旺陶瓷紀念博物館,null
3452,茶山房肥皂文化體驗館,null
3453,三峽農特產文化館,null
3454,淡水登峰魚丸博物館一館,null
3455,坪林旅遊服務中心,null
3456,烏來吊橋,null
3457,烏來遊客中心,null
3458,獅頭山,null
3459,江璞亭公祖祠堂,null
3460,員山子分洪道,null
3461,蘆洲功學社音樂廳KHS Hall,null
3462,錦和運動公園,null
3463,石碇淡蘭藝文館,null
3464,直潭壩,null
3465,一滴水紀念館,null
3466,光淙金工藝術館,null
3467,宏洲磁磚觀光工廠,null
3468,琉傳天下藝術館,null
3469,空軍三重一村,null
3470,三重綜合運動場,null
3471,中山藝術公園,null
3472,林泉成古厝,null
3473,北大特區藝術大道,null
3474,水晶博物館,null
3475,新山夢湖,null
3476,猴硐貓村,null
3477,山宛然客家布袋戲團,null
3478,澳底漁港,null
3479,遠望坑親水公園,null
3480,八里文化公園(米飛園區),null
3481,粗坑仔,null
3482,龍門公園(龍門露營度假基地),null
3483,中角沙珠灣,null
3484,水尾景觀公園,null
3485,烏來觀光台車,null
3486,金水公路,null
3487,大漢溪自行車道,null
3488,新店溪自行車道,null
3489,金山萬里自行車道,null
3490,坪林觀魚步道,null
3491,舊草嶺隧道,null
3492,石碇北宜公路,null
3493,雙溪老街,null
3494,博愛藝術街,null
3495,義學坑自然生態公園,null
3496,四廣潭,null
3497,烏來瀑布 空中纜車,null
3498,桶後,null
3499,礦工宿舍,null
3500,開天宮,null
3501,小赤壁,null
3502,碧潭大佛寺,null
3503,平溪郵局老郵筒,null
3504,祈堂老街(金瓜石老街),null
3505,窯廠遺址,null
3506,牡丹車站,null
3507,雙溪車站,null
3508,十三層親水園區,null
3509,根德水車園區,null
3510,櫻木花道,null
3511,蘆洲李宅古蹟-李友邦將軍紀念館,null
3512,古煙囪,null
3513,汐止老街,null
3514,米市巷,null
3515,八里五福宮,null
3516,水湳洞遊客中心(山城食堂),null
3517,山城美館展演藝廊,null
3518,基山街,null
3519,國際終戰和平紀念園區,null
3520,板橋車站,null
3521,板橋萬坪公園,null
3522,淡水泰迪熊博物館,null
3523,龍洞四季灣,null
3524,卯澳漁村,null
3525,意象陶坊,null
3526,水湳洞十三層遺址,null
3527,蔡家洋樓,null
3528,菁桐煤礦紀念公園,null
3529,烏來林業生活館,null
3530,莊貢生古厝,null
3531,扁屋,null
3532,平溪石底橋,null
3533,猴硐神社,null
3534,廣安宮,null
3535,長福橋,null
3536,平溪防空洞(日治防空洞),null
3537,關渡大橋,null
3538,蘆堤寵物公園,null
3539,荷花廣場,null
3540,幸福水漾公園,null
3541,龜吼漁港,null
3542,福隆車站,null
3543,大屯溪古道休閒農場,null
3544,玉美人孕婦裝觀光工廠,null
3545,八里渡船頭,null
3546,柑腳養生村,null
3547,鶯歌車站,null
3548,土城媽祖田運動公園,null
3549,東興宮,null
3550,四腳亭車站,null
3551,臺灣電力公司北部展示館,null
3552,淡水渡船頭,null
3553,長仁社區廢煙管,null
3554,彭園 (台陽公司附設醫院),null
3555,金瓜石地質公園 (本山礦體),null
3556,九份遊客中心,null
3557,十分風景特定區(十分遊客中心),null
3558,菁桐煤礦公園,null
3559,菁桐鉱業生活館,null
3560,菁桐鉄道故事館,null
3561,德興居(歐里人文咖啡),null
3562,猴硐車站,null
3563,福隆遊客服務中心,null
3564,金城公園,null
3565,大羅蘭溪,null
3566,平溪藍染工作坊,null
3567,燭臺雙嶼,null
3568,三鶯陶花源,null
3569,黃正南薄胎瓷碗工作室,null
3570,陶趣家馬賽克拼貼IY工坊,null
3571,坪之鄉自然生態茶園,null
3572,金溪駐在所,null
3573,水柳角68,null
3574,灣潭,null
3575,陳逢顯毫芒雕刻博物館,null
3576,陽光運動公園,null
3577,福德水車公園生態園區,null
3578,大有製墨廠,null
3579,甘樂文創展演空間,null
3580,府中15新北市動畫故事館暨新北市紀錄片放映院,null
3581,輕便路遊客中心,null
3582,鶯歌石與長壽步道,null
3583,三鶯藝術村,null
3584,汪洋居古厝,null
3585,艾瑪親子多元智能館,null
3586,三個磅空自行車道,null
3587,猴硐遊客中心,null
3588,猴硐貓橋,null
3589,華江碼頭,null
3590,烏來瀑布遊客中心,null
3591,土城區原住民族生態公園,null
3592,樹林區原住民主題部落公園,null
3593,米靈岸音樂劇場,null
3594,烏來活力村,null
3595,九陽文創(非門市店鋪),null
3596,台灣原住民族企業社(瑪伐流國際工藝社),null
3597,平溪分駐所(天燈派出所),null
3598,靈鷲山無生道場,null
3599,新月橋,null
3600,台灣不二衛生套知識館,null
3601,吳福洋襪子故事館,null
3602,王鼎時間科藝體驗館,null
3603,台灣農林大寮茶文館,null
3604,台灣Panasonic展示館,null
3605,阮的肉干產業概念館,null
3606,世界巧克力夢公園,null
3607,淡水藝術工坊,null
3608,綠光農園,null
3609,翡翠茶園,null
3610,富貴角藝術園區(風藝術園區),null
3611,藍染遊客服務中心,null
3612,浪漫公路,null
3613,無緣之墓登山步道(貂山古道),null
3614,雲門劇場,null
3615,雞籠山登山步道,null
3616,磅坑口,null
3617,本山五坑,null
3618,太子賓館,null
3619,樹梅坪,null
3620,金瓜石朝日亭,null
3621,金山岩,null
3622,大粗坑古道,null
3623,代天府,null
3624,淡水金色水岸,null
3625,三才靈芝農場,null
3626,望古瀑布,null
3627,雙溪渡船頭,null
3628,新板特區,null
3629,舊草嶺環狀自行車道,null
3630,猴硐貓咪資訊站,null
3631,淡蘭古道石碇段,null
3632,草嶺古道,null
3633,三貂嶺瀑布步道,null
3634,嶺腳寮登山步道,null
3635,雙溪低碳驛站,null
3636,得忌利士商行,null
3637,新北市立圖書館,null
3638,八里文化公園露營區,null
3639,鴨鴨地景藝術公園,null
3640,蘆洲國民運動中心,null
3641,淡水國民運動中心,null
3642,土城國民運動中心,null
3643,中和國民運動中心,null
3644,六扇門顏家茶館,null
3645,鐵道地景公園,null
3646,南樹林火車站,null
3647,柑園生態河濱公園,null
3648,瑞芳老街,null
3649,礦業老街,null
3650,土城藝文館,null
3651,太極嶺,null
3652,星光橋,null
3653,長青溫泉,null
3654,北勢溪自行車道,null
3655,雲之湯溫泉館,null
3656,淡水漁人舞台,null
3657,三芝田心,null
3658,野柳登山步道,null
3659,泰平假日農夫市集(壽山宮假日農夫市集),null
3660,楓樹湖,null
3661,金瓜三號,null
3662,亞洛美精靈國度香氛觀光工廠,null
3663,陀彌天 紫竹林寺,null
3664,福山景觀橋,null
3665,飄移卡丁車(鶯歌88 生活廣場 3樓),null
3666,樂福卡丁小型賽車場,null
3667,老樹根魔法木工坊,null
3668,臺灣氣球博物館,null
3669,精明一街,null
3670,潭雅神綠園道,null
3671,葵海農場,null
3672,臺中公園,null
3673,中正公園,null
3674,臺中市中山堂,null
3675,中正露營區,null
3676,中華夜市,null
3677,逢甲夜市＿逢甲商圈,null
3678,臺中市孔廟,null
3679,台中文心玉市-天目城,null
3680,大坑9號及9-1號步道,null
3681,國立自然科學博物館921地震教育園區,null
3682,麗寶樂園渡假區,null
3683,月眉觀光糖廠,null
3684,高美濕地_高美野生動物保護區,null
3685,美術園道,null
3686,臺中州廳,null
3687,臺中市港區藝術中心,null
3688,中興堂,null
3689,后里馬場,null
3690,臺中市第二市場,null
3691,臺中都會公園,null
3692,臺中觀光酒廠,null
3693,東協廣場,null
3694,東海大學_路思義教堂,null
3695,大安濱海旅客服務中心,null
3696,大雪山國家森林遊樂區,null
3697,鰲峰山運動公園,null
3698,葫蘆墩文化中心,null
3699,石岡水壩,null
3700,勤美誠品綠園道,null
3701,佛光山惠中寺,null
3702,崇德觀光玉市,null
3703,后豐鐵馬道,null
3704,大甲鐵砧山風景特定區,null
3705,林氏貞孝坊,null
3706,東勢客家文化園區,null
3707,情人木橋,null
3708,紫雲巖,null
3709,后里環保公園,null
3710,霧峰農會酒莊,null
3711,湖水岸藝術街坊,null
3712,忠孝夜市,null
3713,臺中市忠烈祠,null
3714,國定古蹟霧峰林家(萊園),null
3715,東光園道,null
3716,東豐自行車綠廊,null
3717,台中南天宮-關帝聖君,null
3718,國立臺灣體育運動大學體育場館,null
3719,豐樂雕塑公園,null
3720,張家祖廟,null
3721,望高寮,null
3722,臺中市洲際棒球場,null
3723,河畔藝術街,null
3724,天津成衣街,null
3725,自然科學博物館之植物園,null
3726,台中城隍廟,null
3727,慈善寺,null
3728,新光三越百貨公司_台中中港店,null
3729,萬和宮,null
3730,萬春宮,null
3731,中社觀光花市,null
3732,向日葵農場,null
3733,沐心泉休閒農場,null
3734,昇和香菇農園,null
3735,酒桶山休閒農場,null
3736,繼光街商圈,null
3737,中友百貨,null
3738,廣三SOGO百貨,null
3739,樂成宮,null
3740,磺溪書院,null
3741,寶覺寺,null
3742,大墩文化中心,null
3743,臺中市文昌公廟,null
3744,日南車站,null
3745,震災復興紀念碑,null
3746,大安溪鐵橋(花樑鐵橋),null
3747,追分車站,null
3748,梨山風景區,null
3749,公老坪會館農場,null
3750,青雲劍藝民俗文物收藏館,null
3751,成功車站,null
3752,昌平路皮鞋街,null
3753,張廖家廟,null
3754,大坑1號步道,null
3755,大坑2號步道,null
3756,大坑3號步道(全線封閉至8月底),null
3757,大坑4號步道,null
3758,大坑5號及5-1號步道(5-1號步道全線封閉至11月底止),null
3759,七分窯,null
3760,天籟園,null
3761,薰衣草森林,null
3762,成功路青草街,null
3763,南屯老街,null
3764,武陵國家森林遊樂區,null
3765,一中街夜市＿一中商圈,null
3766,國立自然科學博物館,null
3767,大坑風景區,null
3768,臺灣民俗文物館_民俗公園,null
3769,圓滿戶外劇場,null
3770,大坑10號步道,null
3771,豐原漆藝館,null
3772,臺中市立圖書館西屯分館,null
3773,臺中放送局,null
3774,知高庄-炭索館,null
3775,臺中市役所,null
3776,忠信市場,null
3777,沙鹿區深波圖書館,null
3778,南屯犁頭店生活館,null
3779,石岡圖書館(客家文物館),null
3780,臺中市長公館,null
3781,后里區花卉產業文化館,null
3782,石岡土牛客家文化館,null
3783,枇杷產業文化館,null
3784,梨山文化陳列館,null
3785,后里薩克斯風玩家館,null
3786,大里杙文化館,null
3787,林獻堂先生文物館,null
3788,太平古農莊文物館,null
3789,東勢梨文化館,null
3790,張連昌薩克斯風博物館,null
3791,臺灣菇類文化暨農村文物館,null
3792,臺中市中正紀念館,null
3793,大甲三寶文化館(裕珍馨光明旗艦店),null
3794,阿聰師芋頭文化館,null
3795,大甲稻米產業文化館,null
3796,臺中市美術家資料館,null
3797,清水區農村文物館,null
3798,梧棲鎮農會產業文化綜合大樓及農村文物館,null
3799,臺中國際機場,null
3800,彩虹眷村,null
3801,久大生態休閒教育乳羊場,null
3802,大甲鎮瀾宮,null
3803,新社花海(農委會種苗改良繁殖場第二農場),null
3804,六寶公園(戰車公園),null
3805,老虎城購物中心,null
3806,裡冷部落,null
3807,咬人狗坑生態景觀步道,null
3808,東海藝術街商圈,null
3809,真武宮,null
3810,台中市魚市場ˍ哈漁碼頭,null
3811,大安休閒農場,null
3812,臺中市政府ˍ新市政大樓,null
3813,國立公共資訊圖書館,null
3814,豐原太平洋百貨,null
3815,大魯閣新時代,null
3816,金典綠園道,null
3817,旱溪自行車道,null
3818,知高圳步道,null
3819,臺灣省議會紀念園區,null
3820,新田登山步道,null
3821,宮原眼科,null
3822,道禾六藝文化館ˍ臺中刑務所演武場,null
3823,孫立人將軍故居,null
3824,臺中文化創意產業園區,null
3825,大坑粉紅情人橋,null
3826,寶之林廢棄家具再生中心,null
3827,磨仔墩故事島,null
3828,鞋寶觀光工廠,null
3829,水流東桐花步道,null
3830,921震災紀念公園,null
3831,台灣味噌釀造文化館,null
3832,豐原慈濟宮,null
3833,優恩蜜溫室蔬果觀光農園,null
3834,大里老街,null
3835,圓滿教堂,null
3836,食水嵙休閒農業區,null
3837,軟埤坑休閒農業區,null
3838,麻園頭溪公園,null
3839,馬力埔休閒農業區,null
3840,秋紅谷廣場,null
3841,泰安鐵道文化園區,null
3842,趙家窯,null
3843,木匠兄妹木工房,null
3844,忠興世帶相傳織帶觀光工廠,null
3845,沙鹿之翼,null
3846,石岡穀倉,null
3847,鹿寮成衣商圈,null
3848,東勢河濱公園,null
3849,大庄浩天宮,null
3850,天梯步道,null
3851,梧棲朝元宮,null
3852,國道臺中清水服務區休息站,null
3853,摘星山莊,null
3854,大甲文昌祠,null
3855,潭子運動公園,null
3856,萬里長城登山步道,null
3857,紅樹林生態區,null
3858,劉秀才古厝,null
3859,梧棲老街,null
3860,縱貫鐵路海線清水車站,null
3861,匠師的故鄉休閒農業區,null
3862,寶熊漁樂館,null
3863,龜殼公園,null
3864,新都生態公園,null
3865,臺灣香蕉新樂園,null
3866,東海夜市,null
3867,亞洲大學現代美術館,null
3868,新社商圈,null
3869,鳳凰山農場,null
3870,順天堂觀光工廠,null
3871,國定古蹟霧峰林家ˍ宮保第園區,null
3872,紙箱王創意園區-大坑店,null
3873,東勢林業文化園區,null
3874,臺中國家歌劇院,null
3875,第四信用合作社,null
3876,中區再生基地,null
3877,高鐵臺中站,null
3878,廟東夜市,null
3879,高美燈塔,null
3880,芬園花卉生產休憩園區,null
3881,勤美術館,null
3882,霧峰樹仁商圈,null
3883,公益路商圈,null
3884,屯區藝文中心,null
3885,綠光計畫,null
3886,草悟廣場,null
3887,國立臺灣音樂文化園區,null
3888,大安水蓑衣生態教育園區,null
3889,新社星願紫風車,null
3890,龍富夜市,null
3891,光復新村,null
3892,磐頂教堂,null
3893,大肚瑞井里,null
3894,清水眷村文化園區,null
3895,社口林宅ˍ大夫第,null
3896,鎮瀾文化大樓,null
3897,八方國際商城ˍ八方國際觀光夜市,null
3898,坪林森林公園,null
3899,牛罵頭遺址文化園區,null
3900,臺中文學館,null
3901,台灣太陽餅博物館,null
3902,IKE 宜家家居,null
3903,梨之鄉休閒農業區,null
3904,水流東休閒農業區,null
3905,馬鞍壩生態園區,null
3906,美仁里彩繪巷,null
3907,菩薩寺,null
3908,麗水漁港,null
3909,抽藤坑休閒農業區,null
3910,清水大楊油庫,null
3911,青桐林生態園區,null
3912,黎明新村,null
3913,太平光興隆大橋,null
3914,大坑景觀橋,null
3915,思源埡口,null
3916,霧峰落羽杉,null
3917,彰化銀行總行及行史館,null
3918,臺中市眷村文物館,null
3919,阿薩斯雕像,null
3920,柳川水岸步道,null
3921,新臺中火車站,null
3922,審計新村,null
3923,一德洋樓ˍ台中市歷史建築林懋陽故居,null
3924,興大康橋,null
3925,月恆門,null
3926,金門橋,null
3927,原東勢公學校宿舍,null
3928,aliart藝術廣場,null
3929,好好聚落文創園區,null
3930,清水趙家古厝,null
3931,新天地西洋博物館,null
3932,高美濕地景觀橋,null
3933,瑞井手作步道,null
3934,永信醫藥文物館,null
3935,潭子觀光蘭園,null
3936,舊社里彩繪村,null
3937,綠川水岸廊道,null
3938,筏子溪自行車道,null
3939,臺中市濱海自行車道ˍ大甲段,null
3940,高美濕地自行車道(施工中 預計8月底開放),null
3941,五福圳自行車道,null
3942,中科自行車道,null
3943,永豐六分線自行車道,null
3944,頭汴坑酒桶山自行車道,null
3945,臺中市濱海自行車道ˍ大安段,null
3946,頭汴坑溪自行車道,null
3947,太平蝙蝠洞及百蝙吊橋,null
3948,西岐城_西岐里活動中心,null
3949,秀泰生活台中站前店,null
3950,竹坑ˍ南寮登山步道,null
3951,龍井堤防自行車道,null
3952,陳三綱堂,null
3953,龍目井,null
3954,亨德公園,null
3955,豐園北科大木創中心,null
3956,寶泉甘味手造所,null
3957,Sylvia創意小學堂,null
3958,頂街派出所,null
3959,臺中市立圖書館溪西分館,null
3960,水美李宅古厝,null
3961,中華民國農會休閒綜合農牧場,null
3962,南鯤鯓代天府,null
3963,馬沙溝濱海遊憩區,null
3964,將軍漁港,null
3965,七股潟湖,null
3966,紅樹林賞鳥區,null
3967,黑面琵鷺保護區,null
3968,學甲慈濟宮,null
3969,頑皮世界野生動物園,null
3970,海埔池王府,null
3971,麻豆代天府,null
3972,總爺藝文中心,null
3973,蔴荳古港園區,null
3974,佳里震興宮,null
3975,蕭壠文化園區,null
3976,佳里金唐殿,null
3977,北頭洋平埔文化園區,null
3978,八角樓,null
3979,月津港-聚波亭大眾廟,null
3980,鹽水橋南老街,null
3981,南瀛綠都心5號公園,null
3982,新營太子宮,null
3983,鐵線橋通濟宮,null
3984,菁寮天主堂,null
3985,菁寮國小,null
3986,阮家古厝(金德興藥舖),null
3987,台灣蘭花生物科技園區,null
3988,蓮花產業文化資訊館,null
3989,蓮花公園,null
3990,白荷陶坊,null
3991,東山孚佑宮(仙公廟),null
3992,乳牛的家,null
3993,德元埤荷蘭村,null
3994,太康綠色隧道,null
3995,顏水龍紀念公園,null
3996,下營區產業文化展示館,null
3997,下營玄天上帝廟及文化館,null
3998,武承恩公園,null
3999,烏山頭水庫風景區,null
4000,南元休閒農場,null
4001,林鳳營車站,null
4002,蓮花世界,null
4003,九品蓮花生態教育園區,null
4004,西口小瑞士,null
4005,隆田酒廠北蟲草文化展示園區,null
4006,走馬瀨休閒農場,null
4007,南瀛天文館,null
4008,余清芳抗日紀念碑,null
4009,噍吧哖紀念公園,null
4010,鹿陶洋江家古厝,null
4011,台南科學園區,null
4012,善化慶安宮,null
4013,鄭成功墓址紀念碑,null
4014,新化老街,null
4015,楊逵紀念館,null
4016,新化街役場1934街役場古蹟餐坊,null
4017,虎頭埤風景區,null
4018,大坑休閒農場,null
4019,自然史教育館,null
4020,噶瑪噶居寺,null
4021,308高地,null
4022,保安車站,null
4023,奇美博物館,null
4024,臺南家具產業博物館,null
4025,仁壽宮與歸仁十三窯,null
4026,世界蛇王教育農場,null
4027,穎川家廟,null
4028,關廟山西宮,null
4029,千佛山菩提寺,null
4030,牛埔農塘,null
4031,龍船窩,null
4032,虎形山公園,null
4033,雲嘉南濱海國家風景區管理處,null
4034,蘆竹溝漁港,null
4035,關子嶺風景區,null
4036,尖山埤江南渡假村,null
4037,斑芝花高爾夫俱樂部,null
4038,南寶高爾夫俱樂部,null
4039,南化烏山台灣獼猴區,null
4040,將軍溪口紅樹林,null
4041,台南高爾夫球場,null
4042,南一高爾夫球場,null
4043,嘉南高爾夫球場,null
4044,火山碧雲寺,null
4045,大安生態教育農場,null
4046,果農之家,null
4047,溪南春休閒渡假漁村,null
4048,柳營區八翁酪農專業區,null
4049,草山月世界,null
4050,水火同源,null
4051,吉貝耍平埔文化園區,null
4052,台灣詩路,null
4053,七股觀海樓,null
4054,崁頭山步道,null
4055,梅嶺登山步道,null
4056,龜丹休閒體驗農園,null
4057,北門錢來也雜貨店,null
4058,吉園休閒農場,null
4059,台南鴨莊休閒農場,null
4060,春園休閒農場,null
4061,台灣烏腳病醫療紀念館,null
4062,玄空法寺,null
4063,綠谷西拉雅,null
4064,微風山谷藝術村,null
4065,亞力山大蝴蝶生態教育農場,null
4066,鹽分地帶文化館-香雨書院,null
4067,日光石頭博物館,null
4068,永康公園,null
4069,七甲花卉區,null
4070,成功國小蝴蝶園,null
4071,鯤喜灣文化園區-龍山寺,null
4072,鯤喜灣文化園區-海景天橋,null
4073,鯤喜灣文化園區-萬皇宮,null
4074,鯤喜灣文化園區-萬年殿,null
4075,鯤喜灣文化園區-保安宮,null
4076,鯤喜灣-親水公園,null
4077,鄭成功文物館,null
4078,看西街教會,null
4079,普濟殿,null
4080,臺灣府城城垣小東門段殘蹟,null
4081,億載金城 (二鯤鯓砲台),null
4082,赤嵌樓,null
4083,祀典大天后宮(明寧靖王府邸),null
4084,五妃廟,null
4085,祀典武廟,null
4086,四草砲台,null
4087,兌悅門,null
4088,臺灣府城隍廟,null
4089,三山國王廟,null
4090,開基天后宮,null
4091,開元寺,null
4092,原德商東興洋行(現為德式古蹟餐廳),null
4093,原英商德記洋行,null
4094,安平海山館,null
4095,妙壽宮,null
4096,延平街古井,null
4097,水仙宮,null
4098,臺南德化堂,null
4099,全台吳氏大宗祠,null
4100,蕭氏節孝坊,null
4101,石鼎美古宅,null
4102,景福祠,null
4103,報恩堂,null
4104,臺灣府城城垣南門段殘蹟,null
4105,開基靈祐宮,null
4106,總趕宮,null
4107,接官亭,null
4108,東嶽殿,null
4109,臺灣首廟天壇(天公廟),null
4110,臺南故事影像館(原鄭成功祖廟),null
4111,法華寺,null
4112,烏鬼井,null
4113,大觀音亭祀典興濟宮,null
4114,台南公園,null
4115,西華堂,null
4116,臺灣府城巽方砲臺(巽方靖鎮),null
4117,大東門,null
4118,原台南測候所(中央氣象局臺灣南區氣象中心),null
4119,成功大學舊文學院及大成館(原日軍步兵第二聯隊營舍),null
4120,臺南火車站,null
4121,安平蚵灰窯文化館,null
4122,臺灣城殘蹟(安平古堡內牆),null
4123,原台南運河安平海關(運河博物館),null
4124,原安平港導流堤南堤,null
4125,安平市仔街何旺厝,null
4126,安平海頭社魏宅,null
4127,安平盧經堂厝,null
4128,原台南神社事務所及外苑,null
4129,湯德章紀念公園,null
4130,大井頭,null
4131,原林百貨,null
4132,藍晒圖文創園區,null
4133,台南市議政史料館(原台南州會 ),null
4134,葉石濤文學紀念館(原山林事務所),null
4135,廣安宮,null
4136,金華府,null
4137,西市場(大菜市),null
4138,淺草新天地,null
4139,國立台南大學紅樓,null
4140,台南市立美術館一館(原台南市警察局/原日治時台南警察署),null
4141,土地銀行台南分行(原日本勸業銀行台南支店),null
4142,台南武德殿,null
4143,臺南市南門電影書院(原台南放送局),null
4144,台南愛國婦人館,null
4145,台南消防隊第二分隊(原台南合同廳舍),null
4146,吳園(原台南公會堂),null
4147,321巷藝術聚落(原日軍步兵第二聯隊官舍群),null
4148,王姓大宗祠,null
4149,台南二中(原台南中學學校講堂),null
4150,水交社文化園區,null
4151,鹽埕出張所(原臺灣總督府專賣局臺南支局),null
4152,納涼屋(原臺南州立農事試驗場宿舍群-丁種官舍),null
4153,原臺南州立農事試驗場宿舍群及辦公廳舍,null
4154,原臺灣府城東門段城垣殘蹟,null
4155,原台南廳長官邸,null
4156,南一中紅樓及小禮堂(原台南州立第二中學校校舍本館暨講堂),null
4157,臺南神學院(原台南神學校校舍暨禮拜堂),null
4158,原臺南縣知事官邸,null
4159,媽祖樓天后宮,null
4160,集福宮,null
4161,朱玖瑩紀念館,null
4162,安平鄉土文化館,null
4163,原安平陳保正厝,null
4164,重慶寺,null
4165,延平郡王祠,null
4166,勝利國小禮堂(原勝利國民學校禮堂),null
4167,台江生態文化園區,null
4168,安平港國家歷史風景區,null
4169,孔廟文化園區,null
4170,五條港文化園區,null
4171,赤嵌文化園區,null
4172,鎮北坊文化園區,null
4173,東安坊文化園區,null
4174,安平樹屋,null
4175,三老爺宮,null
4176,觀夕平台,null
4177,安平老街(延平老街),null
4178,林默娘公園,null
4179,十鼓仁糖文創園區,null
4180,開基武廟,null
4181,香光聖堂,null
4182,林初埤木棉花道,null
4183,後壁下茄苳旌忠廟,null
4184,鄭成功紀念公園,null
4185,吳萬春香舖,null
4186,鶯料理(鷲嶺食肆),null
4187,布袋嘴寮代天府,null
4188,臺南市西拉雅文化會館,null
4189,臺南市南瀛客家文化會館,null
4190,臺南市客家文化會館,null
4191,國立中興大學新化林場,null
4192,八老爺牧場,null
4193,南紡世貿展覽中心,null
4194,北極殿(中西區),null
4195,原日軍台南衛戍病院,null
4196,六重溪溫泉,null
4197,立康中草藥產業文化館,null
4198,港香蘭綠色健康知識館,null
4199,炳翰人參王國(不開放參觀),null
4200,黑橋牌香腸博物館,null
4201,網仔寮沙洲,null
4202,頂頭額沙洲,null
4203,曾文溪口濕地,null
4204,四草野生動物保護區,null
4205,四草紅樹林保護區,null
4206,鹽水溪口濕地,null
4207,南灣碼頭遊憩區,null
4208,國聖燈塔,null
4209,南寮鹽田生態文化村(原安平製鹽會社鹽田),null
4210,台江鯨豚館,null
4211,臺南鹽田永鎮宮,null
4212,菁寮老街,null
4213,北門東隆宮,null
4214,麻豆文化館,null
4215,大地化石礦石博物館,null
4216,墨林農村文物展示館,null
4217,台江六孔管理站(含遊客中心),null
4218,拔馬平埔文物館,null
4219,麻豆林家四房厝,null
4220,安平天后宮(開台天后宮),null
4221,鹽埕天后宮,null
4222,隆田隆本復興宮,null
4223,頭社太上龍頭忠義廟,null
4224,西拉雅部落-吉貝耍,null
4225,西拉雅部落-北頭洋,null
4226,西拉雅部落-頭社,null
4227,鹽水天主神聖堂,null
4228,東山牛肉崎警察官吏派出所,null
4229,原台南農校日式宿舍群,null
4230,御真影奉安殿(原新化尋常小學校),null
4231,原台南州廳-台灣文學館,null
4232,竹門綠色隧道,null
4233,黑面琵鷺賞鳥亭,null
4234,東山服務區,null
4235,驛棧香草原休閒農場,null
4236,要月吊橋,null
4237,凌波吊橋,null
4238,大內西拉雅吊橋,null
4239,永興吊橋,null
4240,玉豐芒果樹綠色隧道,null
4241,佳里木棉綠色隧道,null
4242,旺萊公園(大潭埤),null
4243,芙蓉埤生態園區,null
4244,崑山湖(鯽魚潭),null
4245,老牛的家,null
4246,洲仔尾保寧宮,null
4247,六甲鎮南宮,null
4248,夕遊出張所,null
4249,四草綠隧,null
4250,太平境馬雅各紀念教會,null
4251,開基永華宮,null
4252,泮宮石坊,null
4253,後壁無米樂社區(無米里社區由菁寮里、墨林里、後廍里所組成),null
4254,東山175咖啡大道,null
4255,小南海風景區,null
4256,崁頂福安宮,null
4257,東山碧軒寺,null
4258,玉井虎頭山,null
4259,漚汪文衡殿,null
4260,新港社地方文化館,null
4261,蘇厝真護宮,null
4262,台南藝術大學,null
4263,海安路藝術街,null
4264,西羅殿,null
4265,成大榕園,null
4266,巴克禮公園,null
4267,神農街,null
4268,歐威電影館,null
4269,二王廟,null
4270,大灣廣護宮,null
4271,龍崎文衡殿,null
4272,夕遊靜泊行館(原台鹽宿舍),null
4273,王雞屎洋宅,null
4274,後壁土溝農村美術館,null
4275,樹谷生活科學館,null
4276,新營印度紫檀綠色隧道,null
4277,HMTM和明紡織文化館,null
4278,臺灣金屬創意館,null
4279,康那香不織布創意王國,null
4280,瓜瓜園地瓜生態故事館,null
4281,卡多利亞良食故事館,null
4282,麗豐微酵館,null
4283,新百祿燕窩觀光工廠,null
4284,天一中藥生活化園區,null
4285,虹泰水凝膠世界,null
4286,跨虹吊橋,null
4287,虎月吊橋,null
4288,望龍吊橋,null
4289,山上天后宮,null
4290,竹炭故事館,null
4291,善化糖廠,null
4292,安平天主教文物館,null
4293,蘭科植物園,null
4294,西社西㡣殿,null
4295,永康三崁店糖廠神社遺蹟,null
4296,新化朝天宮,null
4297,鹿耳門歷史文化區域地方文化館,null
4298,國立成功大學博物館,null
4299,隆田考古展示室,null
4300,牛埔泥岩水土保持教學園區(牛埔農塘),null
4301,仁德十三甲武德宮,null
4302,東門美術館,null
4303,札哈木會館,null
4304,鹿耳門鎮門宮,null
4305,新化武德殿,null
4306,慈蓮寺,null
4307,臨濮堂施氏大宗祠,null
4308,茅港尾天后宮,null
4309,陳桂記大宗祠,null
4310,原台南水道淨水池區,null
4311,東山農會咖啡文化館,null
4312,月津港親水公園,null
4313,二行清王宮,null
4314,羅來受教會,null
4315,左鎮北極殿,null
4316,新天王殿,null
4317,八份姑媽宮,null
4318,子龍廟永昌宮,null
4319,後甲關帝殿,null
4320,德高厝上帝廟,null
4321,彌陀寺,null
4322,龍山寺,null
4323,龍湖寺,null
4324,大圓滿廟,null
4325,鹽埕北極殿,null
4326,竹溪寺,null
4327,代天院,null
4328,永安宮,null
4329,大社東勢北極殿,null
4330,同濟宮,null
4331,濟安宮,null
4332,真武殿,null
4333,學甲大灣清濟宮,null
4334,保西代天府,null
4335,護庇宮,null
4336,大豐南天宮(蔡觀音廟),null
4337,下營風鈴木廊道,null
4338,下營小葉欖仁綠色隧道,null
4339,白河後壁印度紫檀廊道,null
4340,白河將軍埤南洋櫻廊道,null
4341,後壁上茄苳樟樹廊道,null
4342,大內石仔瀨天后宮,null
4343,太子廟明直宮,null
4344,岳王廟,null
4345,大甲萬龍宮,null
4346,正王府,null
4347,林子內教會,null
4348,關子嶺火王爺廟,null
4349,仙祖廟(紫雲殿),null
4350,安定保安宮,null
4351,蘇厝長興宮,null
4352,洋仔保生大帝廟,null
4353,玄天上帝廟,null
4354,『腳の眼鏡』足部科學體驗中心(紅崴科技股份有限公司),null
4355,東和蜂文化觀光工廠(東和蜂業有限公司),null
4356,台鉅美妝觀光工廠,null
4357,關子嶺溫泉公園,null
4358,關子嶺老街,null
4359,關子嶺閑雲橋,null
4360,洪通故居彩繪村,null
4361,新安宮藝文中心,null
4362,噍吧哖事件紀念園區,null
4363,臺南市長官邸「帕莎蒂娜」,null
4364,華美光學eye玩視界,null
4365,關子嶺大凍山步道,null
4366,陳永華墓(陳永華總制夫婦古墓),null
4367,奇美食品幸福工廠,null
4368,白鵝生態教育農場,null
4369,中都愛河濕地公園,null
4370,檨仔林埤濕地公園,null
4371,玉皇宮(天公廟),null
4372,愛河之心,null
4373,國定古蹟-竹仔門電廠,null
4374,佛光山,null
4375,臺灣天壇,null
4376,高雄市天文教育館,null
4377,九番埤濕地公園,null
4378,木柵教會,null
4379,田寮冷泉區,null
4380,甲仙化石館,null
4381,六義山登山步道,null
4382,小林村紀念公園,null
4383,綠環境館,null
4384,岡山公園,null
4385,岡山水塔,null
4386,壽天宮,null
4387,樂群眷村,null
4388,台灣滷味博物館,null
4389,高雄市漁業文化館,null
4390,高雄市立圖書總館,null
4391,高雄展覽館,null
4392,前鎮漁港,null
4393,前鎮之星,null
4394,珍芳烏魚子見學工廠,null
4395,創藝所在-R7獅甲站,null
4396,美濃窯,null
4397,曾文忠美術館,null
4398,永安老街,null
4399,庄頭伯公,null
4400,鍾理和紀念館,null
4401,美濃原鄉緣紙傘文化村,null
4402,廣林社區(九芎林),null
4403,自來水公園,null
4404,光榮碼頭,null
4405,陳中和紀念館,null
4406,高雄清真寺,null
4407,高雄關帝廟(武廟),null
4408,多納高吊橋,null
4409,得樂日嘎橋,null
4410,多納部落,null
4411,舊茂林遺跡,null
4412,白雲寺,null
4413,桃源梅山,null
4414,同安張家古厝,null
4415,紅樹林茄苳溪保護區,null
4416,摩登高雄-R9中央公園站,null
4417,空中的雨林-R17世運站,null
4418,高雄市立美術館,null
4419,哨船頭遊艇碼頭,null
4420,高雄港,null
4421,西子灣蔣介石行館,null
4422,忠烈祠,null
4423,高雄哈瑪星代天宮,null
4424,武德殿(旗山),null
4425,鼓山公園,null
4426,市定古蹟-旗山國小,null
4427,地景橋,null
4428,戰爭與和平紀念公園,null
4429,旗津觀光漁港,null
4430,旗后燈塔,null
4431,旗後教會,null
4432,旗津天后宮,null
4433,鳳凰山,null
4434,鳳山天公廟,null
4435,大東文化藝術中心,null
4436,天工開物-R23橋頭火車站,null
4437,橋頭白樹彩繪村,null
4438,烏山頂泥火山自然保留區,null
4439,市民廣場,null
4440,興達港,null
4441,澄清湖風景區,null
4442,舊鐵橋濕地教育園區,null
4443,鳳山縣舊城,null
4444,大崗山風景區,null
4445,崇聖祠,null
4446,大寮包公廟,null
4447,高雄市立電影館,null
4448,美濃客家文物館,null
4449,五甲公園,null
4450,八五大樓,null
4451,內門紫竹寺,null
4452,大東公園,null
4453,鳳山龍山寺,null
4454,觀音湖,null
4455,七星墜地,null
4456,武德殿,null
4457,旗山老街,null
4458,半屏山自然公園,null
4459,光之穹頂-O5R10美麗島捷運站,null
4460,真愛碼頭,null
4461,美濃民俗村,null
4462,澄清湖高爾夫球場,null
4463,田寮月世界,null
4464,光之塔,null
4465,鳳山打鐵街,null
4466,國家體育場(世運主場館),null
4467,西子灣,null
4468,內門308高地,null
4469,訓風砲台,null
4470,台糖鳳山園藝休閒廣場,null
4471,木柵吊橋,null
4472,覆鼎金保安宮,null
4473,鳳儀書院,null
4474,清水巖風景區,null
4475,新光碼頭,null
4476,陽明海洋探索館,null
4477,鳳凌廣場,null
4478,孔廟,null
4479,衛武營文化藝術中心,null
4480,三和瓦窯,null
4481,十八羅漢山風景區,null
4482,妙崇寺,null
4483,寶來妙通寺,null
4484,那瑪夏民權國小,null
4485,寶來溫泉區,null
4486,壽山情人觀景臺,null
4487,高雄市立文化中心,null
4488,壽山動物園,null
4489,岡山228和平紀念公園,null
4490,彌陀海濱遊樂區,null
4491,明德新村(將軍村),null
4492,東門樓,null
4493,東便門(同儀門)/東福橋,null
4494,統一夢時代購物中心,null
4495,高雄文學館,null
4496,旗山生活文化園區,null
4497,旗山天后宮,null
4498,打狗英國領事館文化園區,null
4499,開漳聖王廟,null
4500,雙慈亭,null
4501,翠華路自行車天橋,null
4502,佛光山佛陀紀念館,null
4503,順賢宮,null
4504,曹公廟/平成砲台,null
4505,紫蝶幽谷,null
4506,茂林谷,null
4507,茂林國家風景區,null
4508,香蕉碼頭,null
4509,美濃湖,null
4510,哈瑪星鐵道文化園區,null
4511,張媽媽桑椹休閒農場,null
4512,天台山神威道場,null
4513,觀音山風景區,null
4514,龍目社區,null
4515,阿公店水庫,null
4516,橋頭糖業文化園區,null
4517,啟明堂,null
4518,鳳山熱帶園藝試驗分所,null
4519,曹公圳頭,null
4520,大愛園區,null
4521,旗津海岸公園,null
4522,高雄市立歷史博物館,null
4523,天主教真福山社福園區,null
4524,劉家百年古厝,null
4525,黃蝶翠谷,null
4526,紅毛港文化園區,null
4527,新威森林公園,null
4528,高雄都會公園,null
4529,義大世界,null
4530,高屏溪斜張橋,null
4531,凹仔底森林公園,null
4532,世紀大峽谷,null
4533,竹滬明寧靖王廟-華山殿,null
4534,旗山區農會,null
4535,旗山火車站,null
4536,旗津風車公園,null
4537,鳥松濕地,null
4538,橋頭十鼓文創園區,null
4539,大坪頂熱帶植物園,null
4540,鳳山溪綠園道,null
4541,澄瀾砲臺,null
4542,駁二藝術特區,null
4543,澄清湖棒球場,null
4544,蓮池潭風景區,null
4545,衛武營都會公園,null
4546,玫瑰聖母聖殿主教座堂,null
4547,諦願寺,null
4548,鴨母王朱一貴文化園區,null
4549,茂林三大名山-龍頭山、蛇頭山與龜形山,null
4550,呂家古厝,null
4551,鳳邑舊城城隍廟,null
4552,永齡杉林有機農業園區,null
4553,三鳳宮,null
4554,慈濟宮,null
4555,郭常喜兵器館,null
4556,愛河,null
4557,旗山自行車道,null
4558,煌金傳奇單車路線,null
4559,西臨港線自行車道,null
4560,金澄雙湖自行車路線,null
4561,鳳山溪前鎮河自行車路線,null
4562,熱帶植物園與紅毛港區自行車路線,null
4563,阿公店水庫自行車道,null
4564,大寮自行車路線,null
4565,茄萣漁村風情自行車路線,null
4566,高屏溪地水護岸自行車道,null
4567,愛河自行車道,null
4568,美濃自行車道,null
4569,南海紫竹寺,null
4570,鳳山城隍廟,null
4571,旗津海水浴場,null
4572,旗后砲台,null
4573,勞工公園,null
4574,富樂夢環保無毒橡皮擦觀光工廠,null
4575,台灣螺絲博物館,null
4576,空軍航空教育展示館,null
4577,中芸漁港,null
4578,頂林仔邊派出所,null
4579,二仁溪親水公園,null
4580,高雄市勞工博物館,null
4581,鹽埕228和平公園&228和平紀念碑,null
4582,立德棒球場,null
4583,城市光廊,null
4584,瑪星哈蘭人行景觀橋,null
4585,法鼓山紫雲寺,null
4586,三和老樹,null
4587,高雄凱旋跳蚤市場,null
4588,林園海洋溼地公園,null
4589,永安發,null
4590,前鎮31期公園(聚，竹蚵地景藝術),null
4591,ML台鋁,null
4592,維格餅家-黃金菠蘿城堡,null
4593,馬玉山紅頂穀創穀物文創樂園,null
4594,六龜大佛,null
4595,美濃文創中心,null
4596,大魯閣草衙道,null
4597,「集盒．KUBIC」貨櫃聚落,null
4598,寶來花賞溫泉公園,null
4599,崗山之眼,null
4600,棧貳庫,null
4601,志斌豆瓣醬故事館,null
4602,泮咖啡,null
4603,聚點美式餐廳,null
4604,流浪蝴蝶協卉手作文創基地,null
4605,黃金愛河,null
4606,永浴愛河,null
4607,城市光廊J Cafe,null
4608,蓮池潭電動船,null
4609,旗津沙灘吧,null
4610,觀音山八景,null
4611,東華皮影戲,null
4612,翠屏里許厝,null
4613,三奶里巫厝,null
4614,觀音里酒沽井,null
4615,舉人石與舉人轎,null
4616,高渼農場,null
4617,禾光牧場,null
4618,一粒種子的飛翔農場,null
4619,路竹天后宮,null
4620,一甲觀音亭,null
4621,東安宮,null
4622,路竹教會,null
4623,路竹體育園區,null
4624,高雄科學園區-尋找公共藝術,null
4625,黑糖家,null
4626,南巡代天宮,null
4627,新威景觀大橋,null
4628,新堀江商圈,null
4629,大湖番茄會社,null
4630,杉林葫蘆藝術-大愛館,null
4631,杉林大橋,null
4632,杉林大愛園區森林自行車道,null
4633,黃家伙房,null
4634,淨園休閒農場,null
4635,永安宮,null
4636,天文宮,null
4637,文興宮,null
4638,鑽石沙灣海岸景色,null
4639,鹽田彩繪村,null
4640,永新灣,null
4641,烏林投步道,null
4642,維新彩繪村,null
4643,永安濕地,null
4644,見城館,null
4645,玉竹商圈,null
4646,再見捌捌陸-臺灣眷村文化園區,null
4647,國立科學工藝博物館,"博物館,科學,文化,夏令營,旅遊"
4648,國立傳統藝術中心,null
4649,國立國父紀念館,null
4650,國立中正紀念堂(國立中正紀念堂管理處),null
4651,國立歷史博物館,null
4652,國立臺灣美術館,null
4653,台灣工藝文化園區 (國立臺灣工藝研究發展中心),null
4654,藝之森-九九峰生態藝術園區  (國立臺灣工藝研究發展中心),null
4655,苗栗工藝園區 (國立臺灣工藝研究發展中心),null
4656,國立臺灣博物館,null
4657,國立臺灣史前文化博物館,null
4658,國立臺灣交響樂團,null
4659,國立臺灣歷史博物館,null
4660,國立臺灣文學館,null
4661,衛武營藝術文化中心籌備處-展覽館及戶外園區,null
4662,國家人權博物館籌備處景美人權文化園區,null
4663,國家人權博物館籌備處綠島人權文化園區,null
4664,國立新竹生活美學館,null
4665,國立彰化生活美學館,null
4666,國立臺南生活美學館,null
4667,國立臺東生活美學館102,null
4668,台中文化創意產業園區 (文化資產局),null
4669,zone 花蓮文化創意產業園區  (文創發展司),null
4670,嘉義文化創意產業園區 (文創發展司),null
